YEAR,STATE,COUNTY,total_population,total_white,total_free_black,total_slave
1850,Alabama,Autauga,15023,6274,19,8730
1850,Alabama,Baldwin,4414,2100,96,2218
1850,Alabama,Barbour,23632,12842,10,10780
1850,Alabama,Benton,17163,13397,3,3763
1850,Alabama,Bibb,9969,7097,11,2861
1850,Alabama,Blount,7367,6941,0,426
1850,Alabama,Butler,10836,7162,35,3639
1850,Alabama,Chambers,23960,12784,18,11158
1850,Alabama,Cherokee,13884,12170,23,1691
1850,Alabama,Choctaw,8389,4620,0,3769
1850,Alabama,Clarke,9786,4901,9,4876
1850,Alabama,Coffee,5940,5380,3,557
1850,Alabama,Conecuh,9322,4925,3,4394
1850,Alabama,Coosa,14543,10414,9,4120
1850,Alabama,Covington,3645,3077,88,480
1850,Alabama,Dale,6382,5622,3,757
1850,Alabama,Dallas,29727,7461,8,22258
1850,Alabama,DeKalb,8245,7730,9,506
1850,Alabama,Fayette,9681,8451,9,1221
1850,Alabama,Franklin,19610,11398,15,8197
1850,Alabama,Greene,31441,9265,49,22127
1850,Alabama,Hancock,1542,1480,0,62
1850,Alabama,Henry,9019,6776,1,2242
1850,Alabama,Jackson,14088,11754,42,2292
1850,Alabama,Jefferson,8989,6714,8,2267
1850,Alabama,Lauderdale,17172,11097,60,6015
1850,Alabama,Lawrence,15258,8342,64,6852
1850,Alabama,Limestone,16483,8399,21,8063
1850,Alabama,Lowndes,21915,7258,8,14649
1850,Alabama,Macon,26898,11286,16,15596
1850,Alabama,Madison,26427,11937,164,14326
1850,Alabama,Marengo,27831,7101,37,20693
1850,Alabama,Marion,7833,6922,3,908
1850,Alabama,Marshall,8846,7952,26,868
1850,Alabama,Mobile,27600,17303,941,9356
1850,Alabama,Monroe,12013,5648,40,6325
1850,Alabama,Montgomery,29711,10169,115,19427
1850,Alabama,Morgan,10125,6637,51,3437
1850,Alabama,Perry,22285,8342,26,13917
1850,Alabama,Pickens,21512,10972,6,10534
1850,Alabama,Pike,15920,12102,24,3794
1850,Alabama,Randolph,11581,10616,29,936
1850,Alabama,Russell,19548,8405,32,11111
1850,Alabama,St Clair,6829,5501,7,1321
1850,Alabama,Shelby,9536,7153,7,2376
1850,Alabama,Sumter,22250,7369,50,14831
1850,Alabama,Talladega,18624,11617,36,6971
1850,Alabama,Tallapoosa,15584,11511,0,4073
1850,Alabama,Tuscaloosa,18056,10571,8,7477
1850,Alabama,Walker,5124,4857,1,266
1850,Alabama,Washington,2713,1195,22,1496
1850,Alabama,Wilcox,17352,5517,0,11835
1850,Arkansas,Arkansas,3245,1694,13,1538
1850,Arkansas,Ashley,2058,1409,5,644
1850,Arkansas,Benton,3710,3508,1,201
1850,Arkansas,Bradley,3829,2601,2,1226
1850,Arkansas,Carroll,4614,4391,10,213
1850,Arkansas,Chicot,5115,1122,9,3984
1850,Arkansas,Clark,4070,3113,7,950
1850,Arkansas,Conway,3583,3339,4,240
1850,Arkansas,Crawford,7960,6935,92,933
1850,Arkansas,Crittenden,2648,1842,5,801
1850,Arkansas,Dallas,6877,4333,2,2542
1850,Arkansas,Desha,2911,1685,57,1169
1850,Arkansas,Drew,3276,2361,0,915
1850,Arkansas,Franklin,3972,3497,3,472
1850,Arkansas,Fulton,1819,1768,1,50
1850,Arkansas,Greene,2593,2530,10,53
1850,Arkansas,Hempstead,7672,5180,32,2460
1850,Arkansas,Hot Spring,3609,3237,11,361
1850,Arkansas,Independence,7767,6927,12,828
1850,Arkansas,Izard,3213,3017,0,196
1850,Arkansas,Jackson,3086,2517,6,563
1850,Arkansas,Jefferson,5834,3197,16,2621
1850,Arkansas,Johnson,5227,4489,7,731
1850,Arkansas,Lafayette,5220,1900,0,3320
1850,Arkansas,Lawrence,5274,4882,4,388
1850,Arkansas,Madison,4823,4659,0,164
1850,Arkansas,Marion,2308,2053,129,126
1850,Arkansas,Mississippi,2368,1496,7,865
1850,Arkansas,Monroe,2049,1651,3,395
1850,Arkansas,Montgomery,1958,1891,1,66
1850,Arkansas,Newton,1758,1704,7,47
1850,Arkansas,Ouachita,9591,6285,2,3304
1850,Arkansas,Perry,978,957,6,15
1850,Arkansas,Phillips,6935,4341,3,2591
1850,Arkansas,Pike,1861,1751,0,110
1850,Arkansas,Poinsett,2308,2026,3,279
1850,Arkansas,Polk,1263,1196,0,67
1850,Arkansas,Pope,4710,4231,0,479
1850,Arkansas,Prairie,2097,1812,12,273
1850,Arkansas,Pulaski,5657,4506,32,1119
1850,Arkansas,Randolph,3275,3029,3,243
1850,Arkansas,St Francis,4479,3770,2,707
1850,Arkansas,Saline,3903,3394,6,503
1850,Arkansas,Scott,3083,2921,16,146
1850,Arkansas,Searcy,1979,1950,0,29
1850,Arkansas,Sevier,4240,2837,31,1372
1850,Arkansas,Union,10298,5526,5,4767
1850,Arkansas,Van Buren,2864,2761,0,103
1850,Arkansas,Washington,9970,8757,14,1199
1850,Arkansas,White,2619,2309,2,308
1850,Arkansas,Yell,3341,2902,15,424
1850,California,Butte,3574,3541,33,0
1850,California,Calaveras,16884,16802,82,0
1850,California,Colusa,115,115,0,0
1850,California,Colusa-Shasta-Trinity [multi-county reporting area],,,,
1850,California,Contra Costa,,,,
1850,California,El Dorado,20057,19908,149,0
1850,California,Los Angeles,3530,3518,12,0
1850,California,Marin,323,321,2,0
1850,California,Mariposa,4379,4184,195,0
1850,California,Mendocino,55,55,0,0
1850,California,Monterey,1872,1854,18,0
1850,California,Napa,405,405,0,0
1850,California,Sacramento,9087,8875,212,0
1850,California,San Diego,798,790,8,0
1850,California,San Francisco,,,,
1850,California,San Joaquin,3647,3616,31,0
1850,California,San Luis Obispo,336,335,1,0
1850,California,Santa Barbara,1185,1181,4,0
1850,California,Santa Clara,,,,
1850,California,Santa Cruz,643,643,0,0
1850,California,Shasta,378,378,0,0
1850,California,Solano,580,543,37,0
1850,California,Sonoma,560,559,1,0
1850,California,Sutter,3444,3424,20,0
1850,California,Trinity,1635,1617,18,0
1850,California,Tuolumne,8351,8288,63,0
1850,California,Yolo,1086,1076,10,0
1850,California,Yuba,9673,9607,66,0
1850,Connecticut,Fairfield,59775,58319,1456,0
1850,Connecticut,Hartford,69967,68707,1260,0
1850,Connecticut,Litchfield,45253,44222,1031,0
1850,Connecticut,Middlesex,27216,26927,289,0
1850,Connecticut,New Haven,65588,64159,1429,0
1850,Connecticut,New London,51821,50313,1508,0
1850,Connecticut,Tolland,20091,19946,145,0
1850,Connecticut,Windham,31081,30506,575,0
1850,Delaware,Kent,22816,16084,6385,347
1850,Delaware,New Castle,42780,34765,7621,394
1850,Delaware,Sussex,25936,20320,4067,1549
1850,District Of Columbia,Georgetown,8366,6080,1561,725
1850,District Of Columbia,Rural Washington county,3320,2131,340,849
1850,District Of Columbia,Washington City,40001,29730,8158,2113
1850,Florida,Alachua,2524,1617,1,906
1850,Florida,Benton,926,604,0,322
1850,Florida,Calhoun,1377,886,38,453
1850,Florida,Columbia,4808,3541,1,1266
1850,Florida,Dade,159,147,1,11
1850,Florida,Duval,4539,2338,95,2106
1850,Florida,Escambia,4351,2644,375,1332
1850,Florida,Franklin,1561,1184,0,377
1850,Florida,Gadsden,8784,3897,7,4880
1850,Florida,Hamilton,2511,1817,9,685
1850,Florida,Hillsborough,2377,1706,11,660
1850,Florida,Holmes,1205,1037,5,163
1850,Florida,Jackson,6639,3075,30,3534
1850,Florida,Jefferson,7718,2775,5,4938
1850,Florida,Leon,11442,3183,56,8203
1850,Florida,Levy,465,320,0,145
1850,Florida,Madison,5490,2802,0,2688
1850,Florida,Marion,3338,2068,1,1269
1850,Florida,Monroe,2645,2088,126,431
1850,Florida,Nassau,2164,1061,26,1077
1850,Florida,Orange,466,238,2,226
1850,Florida,Putnam,687,473,10,204
1850,Florida,St Johns,2525,1417,115,993
1850,Florida,St Lucie (old),139,111,1,27
1850,Florida,Santa Rosa,2883,2095,4,784
1850,Florida,Wakulla,1955,1164,1,790
1850,Florida,Walton,1817,1481,0,336
1850,Florida,Washington,1950,1434,12,504
1850,Georgia,Appling,2949,2520,25,404
1850,Georgia,Baker,8120,4351,4,3765
1850,Georgia,Baldwin,8148,3519,27,4602
1850,Georgia,Bibb,12699,7009,53,5637
1850,Georgia,Bryan,3424,1164,15,2245
1850,Georgia,Bulloch,4300,2840,0,1460
1850,Georgia,Burke,16100,5118,150,10832
1850,Georgia,Butts,6488,3680,3,2805
1850,Georgia,Camden,6319,2069,4,4246
1850,Georgia,Campbell,7232,5718,7,1507
1850,Georgia,Carroll,9357,8252,4,1101
1850,Georgia,Cass,13300,10271,21,3008
1850,Georgia,Cass-Cordon [multi-county reporting area],,,,
1850,Georgia,Chatham,23901,9152,731,14018
1850,Georgia,Chattooga,6815,5131,4,1680
1850,Georgia,Cherokee,12800,11630,13,1157
1850,Georgia,Clarke,11119,5513,17,5589
1850,Georgia,Clinch,637,506,2,129
1850,Georgia,Cobb,13843,11568,3,2272
1850,Georgia,Columbia,11961,3617,72,8272
1850,Georgia,Coweta,13635,8202,18,5415
1850,Georgia,Crawford,8984,4342,13,4629
1850,Georgia,Dade,2680,2532,0,148
1850,Georgia,Decatur,8262,4618,5,3639
1850,Georgia,DeKalb,14328,11372,32,2924
1850,Georgia,Dooly,8361,5580,6,2775
1850,Georgia,Early,7246,3716,1,3529
1850,Georgia,Effingham,3864,2007,9,1848
1850,Georgia,Elbert,12959,6676,16,6267
1850,Georgia,Emanuel,4577,3591,24,962
1850,Georgia,Fayette,8709,6741,3,1965
1850,Georgia,Floyd,8205,5202,4,2999
1850,Georgia,Forsyth,8850,7812,11,1027
1850,Georgia,Franklin,11513,9076,55,2382
1850,Georgia,Gilmer,8440,8236,4,200
1850,Georgia,Glynn,4933,696,5,4232
1850,Georgia,Gordon,5984,5156,0,828
1850,Georgia,Greene,13068,4744,58,8266
1850,Georgia,Gwinnett,11257,8952,11,2294
1850,Georgia,Habersham,8895,7675,2,1218
1850,Georgia,Hall,8713,7370,7,1336
1850,Georgia,Hancock,11578,4210,62,7306
1850,Georgia,Harris,14721,6709,30,7982
1850,Georgia,Heard,6923,4520,3,2400
1850,Georgia,Henry,14726,9742,15,4969
1850,Georgia,Houston,16450,6510,16,9924
1850,Georgia,Irwin,3334,2883,1,450
1850,Georgia,Jackson,9768,6808,19,2941
1850,Georgia,Jasper,11486,4321,31,7134
1850,Georgia,Jefferson,9131,3717,47,5367
1850,Georgia,Jones,10224,3899,46,6279
1850,Georgia,Laurens,6442,3459,9,2974
1850,Georgia,Lee,6660,3025,8,3627
1850,Georgia,Liberty,7926,2002,16,5908
1850,Georgia,Lincoln,5998,2187,31,3780
1850,Georgia,Lowndes,7714,5339,20,2355
1850,Georgia,Lumpkin,8955,7995,21,939
1850,Georgia,McIntosh,6027,1326,72,4629
1850,Georgia,Macon,7052,4088,3,2961
1850,Georgia,Madison,5703,3763,7,1933
1850,Georgia,Marion,10280,6667,9,3604
1850,Georgia,Meriwether,16476,8481,2,7993
1850,Georgia,Monroe,16985,6810,5,10170
1850,Georgia,Montgomery,2154,1541,0,613
1850,Georgia,Morgan,10744,3634,16,7094
1850,Georgia,Murray,14433,12492,11,1930
1850,Georgia,Muscogee,18578,10355,67,8156
1850,Georgia,Newton,13296,8077,32,5187
1850,Georgia,Oglethorpe,12259,4382,3,7874
1850,Georgia,Paulding,7039,5560,2,1477
1850,Georgia,Pike,14306,8686,62,5558
1850,Georgia,Pulaski,6627,3784,39,2804
1850,Georgia,Putnam,10794,3300,26,7468
1850,Georgia,Rabun,2448,2338,0,110
1850,Georgia,Randolph,12868,7857,3,5008
1850,Georgia,Richmond,16246,8153,281,7812
1850,Georgia,Screven,6847,3173,1,3673
1850,Georgia,Stewart,16027,8649,5,7373
1850,Georgia,Sumter,10322,6469,18,3835
1850,Georgia,Talbot,16534,7793,18,8723
1850,Georgia,Taliaferro,5146,2051,51,3044
1850,Georgia,Tattnall,3227,2378,18,831
1850,Georgia,Telfair,3026,2096,0,930
1850,Georgia,Thomas,10103,4943,4,5156
1850,Georgia,Troup,16879,7791,40,9048
1850,Georgia,Twiggs,8179,3517,42,4620
1850,Georgia,Union,7234,6955,1,278
1850,Georgia,Upson,9424,4720,0,4704
1850,Georgia,Walker,13109,11408,37,1664
1850,Georgia,Walton,10821,6895,17,3909
1850,Georgia,Ware,3888,3597,3,288
1850,Georgia,Warren,12425,6158,159,6108
1850,Georgia,Washington,11766,5991,37,5738
1850,Georgia,Wayne,1499,1088,5,406
1850,Georgia,Wilkes,12107,3805,21,8281
1850,Georgia,Wilkinson,8296,5551,0,2745
1850,Illinois,Adams,26508,26369,139,0
1850,Illinois,Alexander,2484,2464,20,0
1850,Illinois,Bond,6144,6136,8,0
1850,Illinois,Boone,7624,7618,6,0
1850,Illinois,Brown,7198,7182,16,0
1850,Illinois,Bureau,8841,8831,10,0
1850,Illinois,Calhoun,3231,3230,1,0
1850,Illinois,Carroll,4586,4583,3,0
1850,Illinois,Cass,7253,7248,5,0
1850,Illinois,Champaign,2649,2647,2,0
1850,Illinois,Christian,3203,3203,0,0
1850,Illinois,Clark,9532,9494,38,0
1850,Illinois,Clay,4289,4268,21,0
1850,Illinois,Clinton,5139,5002,137,0
1850,Illinois,Coles,9335,9299,36,0
1850,Illinois,Cook,43385,43007,378,0
1850,Illinois,Crawford,7135,7118,17,0
1850,Illinois,Cumberland,3718,3718,0,0
1850,Illinois,DeKalb,7540,7539,1,0
1850,Illinois,De Witt,5002,5001,1,0
1850,Illinois,Dupage,9290,9287,3,0
1850,Illinois,Edgar,10692,10640,52,0
1850,Illinois,Edwards,3524,3490,34,0
1850,Illinois,Effingham,3799,3792,7,0
1850,Illinois,Fayette,8075,8027,48,0
1850,Illinois,Franklin,5681,5646,35,0
1850,Illinois,Fulton,22508,22492,16,0
1850,Illinois,Gallatin,5448,5095,353,0
1850,Illinois,Greene,12429,12369,60,0
1850,Illinois,Grundy,3023,3021,2,0
1850,Illinois,Hamilton,6362,6310,52,0
1850,Illinois,Hancock,14652,14633,19,0
1850,Illinois,Hardin,2887,2808,79,0
1850,Illinois,Henderson,4612,4610,2,0
1850,Illinois,Henry,3807,3807,0,0
1850,Illinois,Iroquois,4149,4070,79,0
1850,Illinois,Jackson,5862,5829,33,0
1850,Illinois,Jasper,3220,3206,14,0
1850,Illinois,Jefferson,8109,8083,26,0
1850,Illinois,Jersey,7354,7300,54,0
1850,Illinois,Jo Daviess,18604,18386,218,0
1850,Illinois,Johnson,4114,4097,17,0
1850,Illinois,Kane,16703,16697,6,0
1850,Illinois,Kendall,7730,7724,6,0
1850,Illinois,Knox,13279,13197,82,0
1850,Illinois,Lake,14226,14187,39,0
1850,Illinois,La Salle,17815,17799,16,0
1850,Illinois,Lawrence,6121,5843,278,0
1850,Illinois,Lee,5292,5288,4,0
1850,Illinois,Livingston,1552,1552,0,0
1850,Illinois,Logan,5128,5128,0,0
1850,Illinois,McDonough,7616,7611,5,0
1850,Illinois,McHenry,14978,14975,3,0
1850,Illinois,McLean,10163,10121,42,0
1850,Illinois,Macon,3988,3985,3,0
1850,Illinois,Macoupin,12355,12272,83,0
1850,Illinois,Madison,20441,19992,449,0
1850,Illinois,Marion,6720,6716,4,0
1850,Illinois,Marshall,5180,5178,2,0
1850,Illinois,Mason,5921,5898,23,0
1850,Illinois,Massac,4092,4070,22,0
1850,Illinois,Menard,6349,6328,21,0
1850,Illinois,Mercer,5246,5244,2,0
1850,Illinois,Monroe,7679,7633,46,0
1850,Illinois,Montgomery,6277,6258,19,0
1850,Illinois,Morgan,16064,15939,125,0
1850,Illinois,Moultrie,3234,3225,9,0
1850,Illinois,Ogle,10020,9990,30,0
1850,Illinois,Peoria,17547,17461,86,0
1850,Illinois,Perry,5278,5267,11,0
1850,Illinois,Piatt,1606,1606,0,0
1850,Illinois,Pike,18819,18776,43,0
1850,Illinois,Pope,3975,3871,104,0
1850,Illinois,Pulaski,2265,2257,8,0
1850,Illinois,Putnam,3924,3920,4,0
1850,Illinois,Randolph,11079,10696,383,0
1850,Illinois,Richland,4012,4002,10,0
1850,Illinois,Rock Island,6937,6935,2,0
1850,Illinois,St Clair,20180,19599,581,0
1850,Illinois,Saline,5588,5495,93,0
1850,Illinois,Sangamon,19228,18975,253,0
1850,Illinois,Schuyler,10573,10547,26,0
1850,Illinois,Scott,7914,7902,12,0
1850,Illinois,Shelby,7807,7762,45,0
1850,Illinois,Stark,3710,3710,0,0
1850,Illinois,Stephenson,11666,11658,8,0
1850,Illinois,Tazewell,12052,12016,36,0
1850,Illinois,Union,7615,7570,45,0
1850,Illinois,Vermilion,11492,11481,11,0
1850,Illinois,Wabash,4690,4640,50,0
1850,Illinois,Warren,8176,8162,14,0
1850,Illinois,Washington,6953,6929,24,0
1850,Illinois,Wayne,6825,6822,3,0
1850,Illinois,White,8925,8816,109,0
1850,Illinois,Whiteside,5361,5359,2,0
1850,Illinois,Will,16703,16670,33,0
1850,Illinois,Williamson,7216,7149,67,0
1850,Illinois,Winnebago,11773,11761,12,0
1850,Illinois,Woodford,4415,4415,0,0
1850,Indiana,Adams,5797,5789,8,0
1850,Indiana,Allen,16919,16817,102,0
1850,Indiana,Bartholomew,12428,12346,82,0
1850,Indiana,Benton,1144,1144,0,0
1850,Indiana,Blackford,2860,2849,11,0
1850,Indiana,Boone,11631,11611,20,0
1850,Indiana,Brown,4846,4827,19,0
1850,Indiana,Carroll,11015,10982,33,0
1850,Indiana,Cass,11021,10960,61,0
1850,Indiana,Clark,15828,15246,582,0
1850,Indiana,Clay,7944,7926,18,0
1850,Indiana,Clinton,11869,11845,24,0
1850,Indiana,Crawford,6524,6523,1,0
1850,Indiana,Daviess,10352,10308,44,0
1850,Indiana,Dearborn,20166,20019,147,0
1850,Indiana,Decatur,15107,14951,156,0
1850,Indiana,DeKalb,8251,8241,10,0
1850,Indiana,Delaware,10843,10839,4,0
1850,Indiana,Dubois,6321,6300,21,0
1850,Indiana,Elkhart,12690,12674,16,0
1850,Indiana,Fayette,10217,10145,72,0
1850,Indiana,Floyd,14875,14301,574,0
1850,Indiana,Fountain,13253,13201,52,0
1850,Indiana,Franklin,17968,17759,209,0
1850,Indiana,Fulton,5982,5980,2,0
1850,Indiana,Gibson,10771,10554,217,0
1850,Indiana,Grant,11092,10945,147,0
1850,Indiana,Greene,12313,12238,75,0
1850,Indiana,Hamilton,12684,12502,182,0
1850,Indiana,Hancock,9698,9594,104,0
1850,Indiana,Harrison,15286,15195,91,0
1850,Indiana,Hendricks,14083,14047,36,0
1850,Indiana,Henry,17605,17318,287,0
1850,Indiana,Howard,6657,6552,105,0
1850,Indiana,Huntington,7850,7847,3,0
1850,Indiana,Jackson,11047,10833,214,0
1850,Indiana,Jasper,3540,3539,1,0
1850,Indiana,Jay,7047,7017,30,0
1850,Indiana,Jefferson,23916,23348,568,0
1850,Indiana,Jennings,12096,11773,323,0
1850,Indiana,Johnson,12101,12086,15,0
1850,Indiana,Knox,11084,10554,530,0
1850,Indiana,Kosciusko,10243,10242,1,0
1850,Indiana,Lagrange,8387,8369,18,0
1850,Indiana,Lake,3991,3990,1,0
1850,Indiana,LaPorte,12145,12067,78,0
1850,Indiana,Lawrence,12097,12003,94,0
1850,Indiana,Madison,12375,12361,14,0
1850,Indiana,Marion,24103,23453,650,0
1850,Indiana,Marshall,5348,5346,2,0
1850,Indiana,Martin,5941,5845,96,0
1850,Indiana,Miami,11304,11293,11,0
1850,Indiana,Monroe,11286,11259,27,0
1850,Indiana,Montgomery,18084,17941,143,0
1850,Indiana,Morgan,14576,14501,75,0
1850,Indiana,Noble,7946,7940,6,0
1850,Indiana,Ohio,5308,5271,37,0
1850,Indiana,Orange,10809,10558,251,0
1850,Indiana,Owen,12106,11950,156,0
1850,Indiana,Parke,14968,14740,228,0
1850,Indiana,Perry,7268,7259,9,0
1850,Indiana,Pike,7720,7710,10,0
1850,Indiana,Porter,5234,5229,5,0
1850,Indiana,Posey,12549,12451,98,0
1850,Indiana,Pulaski,2595,2595,0,0
1850,Indiana,Putnam,18615,18581,34,0
1850,Indiana,Randolph,14725,14063,662,0
1850,Indiana,Ripley,14820,14724,96,0
1850,Indiana,Rush,16445,16018,427,0
1850,Indiana,St Joseph,10954,10925,29,0
1850,Indiana,Scott,5885,5870,15,0
1850,Indiana,Shelby,15502,15483,19,0
1850,Indiana,Spencer,8616,8602,14,0
1850,Indiana,Starke,557,557,0,0
1850,Indiana,Steuben,6104,6102,2,0
1850,Indiana,Sullivan,10141,10103,38,0
1850,Indiana,Switzerland,12932,12866,66,0
1850,Indiana,Tippecanoe,19377,19216,161,0
1850,Indiana,Tipton,3532,3525,7,0
1850,Indiana,Union,6944,6906,38,0
1850,Indiana,Vanderburgh,11414,11187,227,0
1850,Indiana,Vermillion,8661,8643,18,0
1850,Indiana,Vigo,15289,14541,748,0
1850,Indiana,Wabash,12138,12124,14,0
1850,Indiana,Warren,7387,7378,9,0
1850,Indiana,Warrick,8811,8782,29,0
1850,Indiana,Washington,17040,16788,252,0
1850,Indiana,Wayne,25320,24284,1036,0
1850,Indiana,Wells,6152,6141,11,0
1850,Indiana,White,4761,4752,9,0
1850,Indiana,Whitley,5190,5095,95,0
1850,Iowa,Allamakee,777,777,0,0
1850,Iowa,Appanoose,3131,3124,7,0
1850,Iowa,Benton,672,672,0,0
1850,Iowa,Black Hawk,135,135,0,0
1850,Iowa,Boone,735,735,0,0
1850,Iowa,Buchanan,517,517,0,0
1850,Iowa,Cedar,3941,3939,2,0
1850,Iowa,Clarke,79,79,0,0
1850,Iowa,Clayton,3873,3871,2,0
1850,Iowa,Clinton,2822,2802,20,0
1850,Iowa,Dallas,854,854,0,0
1850,Iowa,Davis,7264,7257,7,0
1850,Iowa,Decatur,965,964,1,0
1850,Iowa,Delaware,1759,1759,0,0
1850,Iowa,Des Moines,12988,12963,25,0
1850,Iowa,Dubuque,10841,10813,28,0
1850,Iowa,Fayette,825,825,0,0
1850,Iowa,Fremont,1244,1244,0,0
1850,Iowa,Henry,8707,8695,12,0
1850,Iowa,Iowa,822,821,1,0
1850,Iowa,Jackson,7210,7201,9,0
1850,Iowa,Jasper,1280,1280,0,0
1850,Iowa,Jefferson,9904,9903,1,0
1850,Iowa,Johnson,4472,4450,22,0
1850,Iowa,Jones,3007,3006,1,0
1850,Iowa,Keokuk,4822,4822,0,0
1850,Iowa,Lee,18861,18809,52,0
1850,Iowa,Linn,5444,5441,3,0
1850,Iowa,Louisa,4939,4923,16,0
1850,Iowa,Lucas,471,471,0,0
1850,Iowa,Madison,1179,1179,0,0
1850,Iowa,Mahaska,5989,5988,1,0
1850,Iowa,Marion,5482,5453,29,0
1850,Iowa,Marshall,338,338,0,0
1850,Iowa,Monroe,2884,2884,0,0
1850,Iowa,Muscatine,5731,5662,69,0
1850,Iowa,Page,551,551,0,0
1850,Iowa,Polk,4513,4513,0,0
1850,Iowa,Pottawattamie,7828,7828,0,0
1850,Iowa,Poweshiek,615,615,0,0
1850,Iowa,Scott,5986,5972,14,0
1850,Iowa,Tama,8,8,0,0
1850,Iowa,Taylor,204,204,0,0
1850,Iowa,Van Buren,12270,12265,5,0
1850,Iowa,Wapello,8471,8466,5,0
1850,Iowa,Warren,961,961,0,0
1850,Iowa,Washington,4957,4957,0,0
1850,Iowa,Wayne,340,339,1,0
1850,Iowa,Winneshiek,546,546,0,0
1850,Kentucky,Adair,9898,8083,108,1707
1850,Kentucky,Allen,8742,7385,43,1314
1850,Kentucky,Anderson,6260,4948,30,1282
1850,Kentucky,Ballard,5496,4628,26,842
1850,Kentucky,Barren,20240,15543,113,4584
1850,Kentucky,Bath,12115,9464,116,2535
1850,Kentucky,Boone,11185,9044,37,2104
1850,Kentucky,Bourbon,14466,7155,245,7066
1850,Kentucky,Boyle,9116,5375,317,3424
1850,Kentucky,Bracken,8903,7949,114,840
1850,Kentucky,Breathitt,3785,3603,12,170
1850,Kentucky,Breckinridge,10593,8616,11,1966
1850,Kentucky,Bullitt,6774,5392,27,1355
1850,Kentucky,Butler,5755,5055,19,681
1850,Kentucky,Caldwell,13048,9802,139,3107
1850,Kentucky,Calloway,8096,7088,16,992
1850,Kentucky,Campbell,13127,12871,79,177
1850,Kentucky,Carroll,5526,4549,28,949
1850,Kentucky,Carter,6241,5960,24,257
1850,Kentucky,Casey,6556,5863,59,634
1850,Kentucky,Christian,19580,11290,150,8140
1850,Kentucky,Clark,12683,7709,134,4840
1850,Kentucky,Clay,5421,4734,172,515
1850,Kentucky,Clinton,4889,4589,38,262
1850,Kentucky,Crittenden,6351,5473,30,848
1850,Kentucky,Cumberland,7005,5476,44,1485
1850,Kentucky,Daviess,12362,9419,54,2889
1850,Kentucky,Edmonson,4088,3748,15,325
1850,Kentucky,Estill,5985,5568,6,411
1850,Kentucky,Fayette,22735,11178,668,10889
1850,Kentucky,Fleming,13914,11617,158,2139
1850,Kentucky,Floyd,5714,5503,62,149
1850,Kentucky,Franklin,12462,8740,357,3365
1850,Kentucky,Fulton,4446,3499,4,943
1850,Kentucky,Gallatin,5137,4399,34,704
1850,Kentucky,Garrard,10237,7029,32,3176
1850,Kentucky,Grant,6531,5993,6,532
1850,Kentucky,Graves,11397,9950,8,1439
1850,Kentucky,Grayson,6837,6507,10,320
1850,Kentucky,Green,9060,6335,117,2608
1850,Kentucky,Greenup,9654,8992,56,606
1850,Kentucky,Hancock,3853,3216,15,622
1850,Kentucky,Hardin,14525,12023,43,2459
1850,Kentucky,Harlan,4268,4108,37,123
1850,Kentucky,Harrison,13064,9733,146,3185
1850,Kentucky,Hart,9093,7739,53,1301
1850,Kentucky,Henderson,12171,7651,123,4397
1850,Kentucky,Henry,11442,8375,54,3013
1850,Kentucky,Hickman,4791,3932,18,841
1850,Kentucky,Hopkins,12441,10199,50,2192
1850,Kentucky,Jefferson,59831,47283,1637,10911
1850,Kentucky,Jessamine,10249,6256,168,3825
1850,Kentucky,Johnson,3873,3843,0,30
1850,Kentucky,Kenton,17038,16117,91,830
1850,Kentucky,Knox,7050,6238,200,612
1850,Kentucky,Larue,5859,5177,10,672
1850,Kentucky,Laurel,4145,3947,6,192
1850,Kentucky,Lawrence,6281,6142,2,137
1850,Kentucky,Letcher,2512,2440,10,62
1850,Kentucky,Lewis,7202,6872,8,322
1850,Kentucky,Lincoln,10093,6634,104,3355
1850,Kentucky,Livingston,6578,5401,59,1118
1850,Kentucky,Logan,16581,10750,364,5467
1850,Kentucky,McCracken,6067,5237,22,808
1850,Kentucky,Madison,15727,10269,65,5393
1850,Kentucky,Marion,11765,8598,81,3086
1850,Kentucky,Marshall,5269,5000,20,249
1850,Kentucky,Mason,18344,13674,386,4284
1850,Kentucky,Meade,7393,5799,21,1573
1850,Kentucky,Mercer,14067,10471,336,3260
1850,Kentucky,Monroe,7756,6902,23,831
1850,Kentucky,Montgomery,9903,6666,164,3073
1850,Kentucky,Morgan,7620,7395,38,187
1850,Kentucky,Muhlenberg,9809,8250,37,1522
1850,Kentucky,Nelson,14789,9543,116,5130
1850,Kentucky,Nicholas,10361,8682,166,1513
1850,Kentucky,Ohio,9749,8568,49,1132
1850,Kentucky,Oldham,7629,5156,49,2424
1850,Kentucky,Owen,10444,8882,48,1514
1850,Kentucky,Owsley,3774,3616,22,136
1850,Kentucky,Pendleton,6774,6230,35,509
1850,Kentucky,Perry,3092,2972,3,117
1850,Kentucky,Pike,5365,5250,17,98
1850,Kentucky,Pulaski,14195,12861,27,1307
1850,Kentucky,Rockcastle,4697,4289,33,375
1850,Kentucky,Russell,5349,4901,13,435
1850,Kentucky,Scott,14946,8891,219,5836
1850,Kentucky,Shelby,17095,10289,189,6617
1850,Kentucky,Simpson,7733,5756,42,1935
1850,Kentucky,Spencer,6842,4659,32,2151
1850,Kentucky,Taylor,7250,5462,148,1640
1850,Kentucky,Todd,12268,7361,97,4810
1850,Kentucky,Trigg,10129,7252,80,2797
1850,Kentucky,Trimble,5963,4993,29,941
1850,Kentucky,Union,9012,6704,16,2292
1850,Kentucky,Warren,15123,10597,209,4317
1850,Kentucky,Washington,12194,9086,63,3045
1850,Kentucky,Wayne,8692,7855,7,830
1850,Kentucky,Whitley,7447,7222,24,201
1850,Kentucky,Woodford,12423,5878,169,6376
1850,Louisiana,Ascension,10752,3340,146,7266
1850,Louisiana,Assumption,10538,5170,27,5341
1850,Louisiana,Avoyelles,9326,4059,106,5161
1850,Louisiana,Bienville,5539,3623,21,1895
1850,Louisiana,Bossier,6962,2507,0,4455
1850,Louisiana,Caddo,8884,3634,42,5208
1850,Louisiana,Calcasieu,3914,2718,239,957
1850,Louisiana,Caldwell,2815,1584,0,1231
1850,Louisiana,Carroll,8789,2336,10,6443
1850,Louisiana,Catahoula,7132,3585,19,3528
1850,Louisiana,Claiborne,7471,4949,0,2522
1850,Louisiana,Concordia,7758,823,1,6934
1850,Louisiana,De Soto,8023,3549,24,4450
1850,Louisiana,East Baton Rouge,11977,5347,279,6351
1850,Louisiana,East Feliciana,13598,4060,24,9514
1850,Louisiana,Franklin,3251,1664,14,1573
1850,Louisiana,Iberville,12278,3568,104,8606
1850,Louisiana,Jackson,5566,3406,2,2158
1850,Louisiana,Jefferson,25093,18046,851,6196
1850,Louisiana,Lafayette,6720,3390,160,3170
1850,Louisiana,Lafourche,9532,5142,22,4368
1850,Louisiana,Livingston,3385,2524,19,842
1850,Louisiana,Madison,8773,1416,4,7353
1850,Louisiana,Morehouse,3913,1877,30,2006
1850,Louisiana,Natchitoches,14228,5466,881,7881
1850,Louisiana,Orleans,119460,91431,9961,18068
1850,Louisiana,Ouachita,5008,2292,8,2708
1850,Louisiana,Plaquemines,7390,2221,390,4779
1850,Louisiana,Pointe Coupee,11339,2968,560,7811
1850,Louisiana,Rapides,16561,5037,184,11340
1850,Louisiana,Sabine,4515,3347,0,1168
1850,Louisiana,St Bernard,3802,1406,73,2323
1850,Louisiana,St Charles,5120,867,121,4132
1850,Louisiana,St Helena,4561,2354,11,2196
1850,Louisiana,St James,11098,3285,62,7751
1850,Louisiana,St John The Baptist,7317,2586,191,4540
1850,Louisiana,St Landry,22253,10140,1242,10871
1850,Louisiana,St Martin,11761,4743,529,6489
1850,Louisiana,St Mary,13697,3423,424,9850
1850,Louisiana,St Tammany,6364,3642,359,2363
1850,Louisiana,Tensas,9040,900,2,8138
1850,Louisiana,Terrebonne,7724,3305,91,4328
1850,Louisiana,Union,8203,4778,0,3425
1850,Louisiana,Vermilion,3409,2328,14,1067
1850,Louisiana,Washington,3408,2367,4,1037
1850,Louisiana,West Baton Rouge,6270,1815,105,4350
1850,Louisiana,West Feliciana,13245,2473,106,10666
1850,Maine,Aroostook,12529,12523,6,0
1850,Maine,Cumberland,79538,78939,599,0
1850,Maine,Franklin,20027,20008,19,0
1850,Maine,Hancock,34372,34343,29,0
1850,Maine,Kennebec,62521,62382,139,0
1850,Maine,Lincoln,74875,74603,272,0
1850,Maine,Oxford,39763,39758,5,0
1850,Maine,Penobscot,63089,63022,67,0
1850,Maine,Piscataquis,14735,14732,3,0
1850,Maine,Somerset,35581,35567,14,0
1850,Maine,Waldo,47230,47191,39,0
1850,Maine,Washington,38811,38683,128,0
1850,Maine,York,60098,60062,36,0
1850,Maryland,Allegany,22769,21633,412,724
1850,Maryland,Anne Arundel,32393,16542,4602,11249
1850,Maryland,Baltimore,210646,174853,29075,6718
1850,Maryland,Calvert,9646,3630,1530,4486
1850,Maryland,Caroline,9692,6096,2788,808
1850,Maryland,Carroll,20616,18667,974,975
1850,Maryland,Cecil,18939,15472,2623,844
1850,Maryland,Charles,16162,5665,913,9584
1850,Maryland,Dorchester,18877,10747,3848,4282
1850,Maryland,Frederick,40987,33314,3760,3913
1850,Maryland,Harford,19356,14413,2777,2166
1850,Maryland,Kent,11386,5616,3143,2627
1850,Maryland,Montgomery,15860,9435,1311,5114
1850,Maryland,Prince Georges,21549,8901,1138,11510
1850,Maryland,Queen Anne's,14484,6936,3278,4270
1850,Maryland,St Mary's,13698,6223,1633,5842
1850,Maryland,Somerset,22456,13385,3483,5588
1850,Maryland,Talbot,13811,7084,2593,4134
1850,Maryland,Washington,30848,26930,1828,2090
1850,Maryland,Worcester,18859,12401,3014,3444
1850,Massachusetts,Barnstable,35276,35153,123,0
1850,Massachusetts,Berkshire,49591,48258,1333,0
1850,Massachusetts,Bristol,76192,74659,1533,0
1850,Massachusetts,Dukes,4540,4487,53,0
1850,Massachusetts,Essex,131300,130682,618,0
1850,Massachusetts,Franklin,30870,30779,91,0
1850,Massachusetts,Hampden,51283,50780,503,0
1850,Massachusetts,Hampshire,35732,35403,329,0
1850,Massachusetts,Middlesex,161383,160676,707,0
1850,Massachusetts,Nantucket,8452,8058,394,0
1850,Massachusetts,Norfolk,78892,78643,249,0
1850,Massachusetts,Plymouth,55697,55241,456,0
1850,Massachusetts,Suffolk,144517,142479,2038,0
1850,Massachusetts,Worcester,130789,130152,637,0
1850,Michigan,Allegan,5125,5120,5,0
1850,Michigan,Barry,5072,5033,39,0
1850,Michigan,Berrien,11417,11178,239,0
1850,Michigan,Branch,12472,12456,16,0
1850,Michigan,Calhoun,19162,18955,207,0
1850,Michigan,Cass,10907,10518,389,0
1850,Michigan,Chippewa,898,890,8,0
1850,Michigan,Clinton,5102,5100,2,0
1850,Michigan,Eaton,7058,7055,3,0
1850,Michigan,Genesee,12031,12003,28,0
1850,Michigan,Hillsdale,16159,16153,6,0
1850,Michigan,Houghton,708,707,1,0
1850,Michigan,Huron,210,210,0,0
1850,Michigan,Ingham,8631,8606,25,0
1850,Michigan,Ionia,7597,7589,8,0
1850,Michigan,Jackson,19431,19346,85,0
1850,Michigan,Kalamazoo,13179,13080,99,0
1850,Michigan,Kent,12016,11982,34,0
1850,Michigan,Lapeer,7029,7007,22,0
1850,Michigan,Lenawee,26372,26280,92,0
1850,Michigan,Livingston,13485,13481,4,0
1850,Michigan,Macomb,15530,15501,29,0
1850,Michigan,Marquette,136,136,0,0
1850,Michigan,Mason,93,93,0,0
1850,Michigan,Michilimackinac,3598,3561,37,0
1850,Michigan,Midland,65,64,1,0
1850,Michigan,Monroe,14698,14642,56,0
1850,Michigan,Montcalm,891,891,0,0
1850,Michigan,Newaygo,510,509,1,0
1850,Michigan,Oakland,31270,31206,64,0
1850,Michigan,Oceana,300,281,19,0
1850,Michigan,Ontonagon,389,383,6,0
1850,Michigan,Ottawa,5587,5548,39,0
1850,Michigan,Saginaw,2609,2609,0,0
1850,Michigan,St Clair,10420,10396,24,0
1850,Michigan,St Joseph,12725,12699,26,0
1850,Michigan,Sanilac,2112,2112,0,0
1850,Michigan,Schoolcraft,16,16,0,0
1850,Michigan,Shiawassee,5230,5230,0,0
1850,Michigan,Tuscola,291,291,0,0
1850,Michigan,Van Buren,5800,5786,14,0
1850,Michigan,Washtenaw,28567,28336,231,0
1850,Michigan,Wayne,42756,42032,724,0
1850,Minnesota Territory,Benton,418,416,2,0
1850,Minnesota Territory,Dakotah,584,582,2,0
1850,Minnesota Territory,Itasca,97,97,0,0
1850,Minnesota Territory,Mankahta,158,158,0,0
1850,Minnesota Territory,Pembina,1134,1134,0,0
1850,Minnesota Territory,Ramsey,2227,2197,30,0
1850,Minnesota Territory,Wabasha,243,242,1,0
1850,Minnesota Territory,Wahnahta,160,160,0,0
1850,Minnesota Territory,Wahnahta-Mankahta [multi-county reporting area],,,,
1850,Minnesota Territory,Washington,1056,1052,4,0
1850,Mississippi,Adams,18601,3948,258,14395
1850,Mississippi,Amite,9694,3641,3,6050
1850,Mississippi,Attala,10991,7571,8,3412
1850,Mississippi,Bolivar,2577,395,2,2180
1850,Mississippi,Carroll,18491,8653,26,9812
1850,Mississippi,Chickasaw,16369,9887,2,6480
1850,Mississippi,Choctaw,11402,8420,4,2978
1850,Mississippi,Claiborne,14941,3449,42,11450
1850,Mississippi,Clarke,5477,3823,6,1648
1850,Mississippi,Coahoma,2780,1387,2,1391
1850,Mississippi,Copiah,11794,6303,11,5480
1850,Mississippi,Covington,3338,2222,2,1114
1850,Mississippi,DeSoto,19042,9487,2,9553
1850,Mississippi,Franklin,5904,2540,14,3350
1850,Mississippi,Greene,2018,1379,1,638
1850,Mississippi,Hancock,3672,2444,12,1216
1850,Mississippi,Harrison,4875,3378,56,1441
1850,Mississippi,Hinds,25340,8690,25,16625
1850,Mississippi,Holmes,13928,5547,4,8377
1850,Mississippi,Issaquena,4478,366,7,4105
1850,Mississippi,Itawamba,13528,11395,6,2127
1850,Mississippi,Jackson,3196,2266,105,825
1850,Mississippi,Jasper,6184,4293,4,1887
1850,Mississippi,Jefferson,13193,2634,66,10493
1850,Mississippi,Jones,2164,1887,3,274
1850,Mississippi,Kemper,12517,7138,1,5378
1850,Mississippi,Lafayette,14069,8346,4,5719
1850,Mississippi,Lauderdale,8717,6052,4,2661
1850,Mississippi,Lawrence,6478,3549,0,2929
1850,Mississippi,Leake,5533,3982,2,1549
1850,Mississippi,Lowndes,19544,6523,28,12993
1850,Mississippi,Madison,18173,4328,2,13843
1850,Mississippi,Marion,4410,2215,0,2195
1850,Mississippi,Marshall,29689,14271,1,15417
1850,Mississippi,Monroe,21172,9418,37,11717
1850,Mississippi,Neshoba,4728,3393,0,1335
1850,Mississippi,Newton,4465,3432,1,1032
1850,Mississippi,Noxubee,16299,4976,0,11323
1850,Mississippi,Oktibbeha,9171,4309,18,4844
1850,Mississippi,Panola,11444,5021,3,6420
1850,Mississippi,Perry,2438,1679,10,749
1850,Mississippi,Pike,7360,4225,33,3102
1850,Mississippi,Pontotoc,17112,12136,8,4968
1850,Mississippi,Rankin,7227,3940,11,3276
1850,Mississippi,Scott,3961,2778,1,1182
1850,Mississippi,Simpson,4734,3190,3,1541
1850,Mississippi,Smith,4071,3073,0,998
1850,Mississippi,Sunflower,1102,348,0,754
1850,Mississippi,Tallahatchie,4643,2096,0,2547
1850,Mississippi,Tippah,20741,15807,6,4928
1850,Mississippi,Tishomingo,15490,13528,1,1961
1850,Mississippi,Tunica,1314,396,1,917
1850,Mississippi,Warren,18120,5996,28,12096
1850,Mississippi,Washington,8389,546,7,7836
1850,Mississippi,Wayne,2892,1499,0,1393
1850,Mississippi,Wilkinson,16914,3624,30,13260
1850,Mississippi,Winston,7956,5178,10,2768
1850,Mississippi,Yalobusha,17258,8652,9,8597
1850,Mississippi,Yazoo,14418,4069,0,10349
1850,Missouri,Adair,2342,2283,8,51
1850,Missouri,Andrew,9433,8757,14,662
1850,Missouri,Atchison,1678,1641,7,30
1850,Missouri,Audrain,3506,3048,1,457
1850,Missouri,Barry,3467,3317,0,150
1850,Missouri,Bates,3669,3520,8,141
1850,Missouri,Benton,5015,4547,8,460
1850,Missouri,Boone,14979,11300,13,3666
1850,Missouri,Buchanan,12975,12072,1,902
1850,Missouri,Butler,1616,1563,0,53
1850,Missouri,Caldwell,2316,2176,4,136
1850,Missouri,Callaway,13827,9895,25,3907
1850,Missouri,Camden,2338,2208,0,130
1850,Missouri,Cape Girardeau,13912,12203,35,1674
1850,Missouri,Carroll,5441,4812,8,621
1850,Missouri,Cass,6090,5610,2,478
1850,Missouri,Cedar,3361,3278,1,82
1850,Missouri,Chariton,7514,5685,51,1778
1850,Missouri,Clark,5527,5013,10,504
1850,Missouri,Clay,10332,7585,5,2742
1850,Missouri,Clinton,3786,3346,1,439
1850,Missouri,Cole,6696,5699,18,979
1850,Missouri,Cooper,12950,9837,22,3091
1850,Missouri,Crawford,6397,6112,0,285
1850,Missouri,Dade,4246,3971,6,269
1850,Missouri,Dallas,3648,3552,8,88
1850,Missouri,Daviess,5298,5056,1,241
1850,Missouri,DeKalb,2075,2010,0,65
1850,Missouri,Dodge,375,373,0,2
1850,Missouri,Dunklin,1229,1205,11,13
1850,Missouri,Franklin,11021,9542,20,1459
1850,Missouri,Gasconade,4996,4884,0,112
1850,Missouri,Gentry,4248,4195,3,50
1850,Missouri,Greene,12785,11548,7,1230
1850,Missouri,Grundy,3006,2856,1,149
1850,Missouri,Harrison,2447,2434,0,13
1850,Missouri,Henry,4052,3377,3,672
1850,Missouri,Hickory,2329,2143,1,185
1850,Missouri,Holt,3957,3827,3,127
1850,Missouri,Howard,13969,9039,40,4890
1850,Missouri,Jackson,14000,10990,41,2969
1850,Missouri,Jasper,4223,4009,1,213
1850,Missouri,Jefferson,6928,6407,9,512
1850,Missouri,Johnson,7464,6573,12,879
1850,Missouri,Knox,2894,2626,2,266
1850,Missouri,Laclede,2498,2357,1,140
1850,Missouri,Lafayette,13690,9005,70,4615
1850,Missouri,Lawrence,4859,4608,3,248
1850,Missouri,Lewis,6578,5357,15,1206
1850,Missouri,Lincoln,9421,7389,5,2027
1850,Missouri,Linn,4058,3679,2,377
1850,Missouri,Livingston,4247,3933,6,308
1850,Missouri,McDonald,2236,2132,21,83
1850,Missouri,Macon,6565,6262,0,303
1850,Missouri,Madison,6003,5278,29,696
1850,Missouri,Marion,12230,9322,76,2832
1850,Missouri,Mercer,2691,2671,6,14
1850,Missouri,Miller,3834,3645,0,189
1850,Missouri,Mississippi,3123,2373,4,746
1850,Missouri,Moniteau,6004,5434,4,566
1850,Missouri,Monroe,10541,8461,32,2048
1850,Missouri,Montgomery,5489,4449,3,1037
1850,Missouri,Morgan,4650,4192,5,453
1850,Missouri,New Madrid,5541,4053,7,1481
1850,Missouri,Newton,4268,4012,15,241
1850,Missouri,Nodaway,2118,2048,0,70
1850,Missouri,Oregon,1432,1392,22,18
1850,Missouri,Osage,6704,6434,0,270
1850,Missouri,Ozark,2294,2279,0,15
1850,Missouri,Perry,7215,6395,26,794
1850,Missouri,Pettis,5150,4261,5,884
1850,Missouri,Pike,13609,10299,35,3275
1850,Missouri,Platte,16845,13996,51,2798
1850,Missouri,Polk,6186,5804,13,369
1850,Missouri,Pulaski,3998,3885,0,113
1850,Missouri,Putnam,1636,1617,0,19
1850,Missouri,Ralls,6151,4775,8,1368
1850,Missouri,Randolph,9439,7262,21,2156
1850,Missouri,Ray,10373,8833,26,1514
1850,Missouri,Reynolds,1849,1824,0,25
1850,Missouri,Ripley,2830,2731,13,86
1850,Missouri,St Charles,11454,9492,13,1949
1850,Missouri,St Clair,3556,3107,1,448
1850,Missouri,Ste Genevieve,5313,4636,61,616
1850,Missouri,St Francois,4964,4233,51,680
1850,Missouri,St Louis,104978,97541,1470,5967
1850,Missouri,Saline,8843,6105,19,2719
1850,Missouri,Schuyler,3287,3230,2,55
1850,Missouri,Scotland,3782,3631,0,151
1850,Missouri,Scott,3182,2773,16,393
1850,Missouri,Shannon,1199,1190,0,9
1850,Missouri,Shelby,4253,3744,11,498
1850,Missouri,Stoddard,4277,4221,6,50
1850,Missouri,Sullivan,2983,2895,0,88
1850,Missouri,Taney,4373,4274,0,99
1850,Missouri,Texas,2312,2270,0,42
1850,Missouri,Warren,5860,4921,4,935
1850,Missouri,Washington,8811,7713,23,1075
1850,Missouri,Wayne,4518,4152,6,360
1850,Missouri,Wright,3387,3305,0,82
1850,New Hampshire,Belknap,17721,17692,29,0
1850,New Hampshire,Carroll,20157,20155,2,0
1850,New Hampshire,Cheshire,30144,30116,28,0
1850,New Hampshire,Coos,11853,11849,4,0
1850,New Hampshire,Grafton,42343,42316,27,0
1850,New Hampshire,Hillsborough,57478,57359,119,0
1850,New Hampshire,Merrimack,40337,40244,93,0
1850,New Hampshire,Rockingham,49194,49067,127,0
1850,New Hampshire,Strafford,29374,29324,50,0
1850,New Hampshire,Sullivan,19375,19334,41,0
1850,New Jersey,Atlantic,8961,8743,217,1
1850,New Jersey,Bergen,14725,13060,1624,41
1850,New Jersey,Burlington,43203,41094,2109,0
1850,New Jersey,Camden,25422,23192,2230,0
1850,New Jersey,Cape May,6433,6186,247,0
1850,New Jersey,Cumberland,17189,16059,1130,0
1850,New Jersey,Essex,73950,71616,2328,6
1850,New Jersey,Gloucester,14655,14035,620,0
1850,New Jersey,Hudson,21822,21319,500,3
1850,New Jersey,Hunterdon,28990,28173,808,9
1850,New Jersey,Mercer,27992,25950,2036,6
1850,New Jersey,Middlesex,28635,27255,1369,11
1850,New Jersey,Monmouth,30313,27915,2323,75
1850,New Jersey,Morris,30158,29131,1008,19
1850,New Jersey,Ocean,10032,9892,140,0
1850,New Jersey,Passaic,22569,21923,615,31
1850,New Jersey,Salem,19467,17392,2075,0
1850,New Jersey,Somerset,19692,17950,1711,31
1850,New Jersey,Sussex,22989,22648,340,1
1850,New Jersey,Warren,22358,21976,380,2
1850,New Mexico Territory,Bernalillo,7751,7749,2,0
1850,New Mexico Territory,Rio Arriba,10668,10667,1,0
1850,New Mexico Territory,San Miguel,7074,7070,4,0
1850,New Mexico Territory,Santa Anna,4645,4644,1,0
1850,New Mexico Territory,Santa Fe,7713,7699,14,0
1850,New Mexico Territory,Taos,9507,9507,0,0
1850,New Mexico Territory,Valencia,14189,14189,0,0
1850,New York,Albany,93279,92085,1194,0
1850,New York,Allegany,37808,37680,128,0
1850,New York,Broome,30660,30229,431,0
1850,New York,Cattaraugus,38950,38848,102,0
1850,New York,Cayuga,55458,54915,543,0
1850,New York,Chautauqua,50493,50353,140,0
1850,New York,Chemung,28821,28535,286,0
1850,New York,Chenango,40311,40047,264,0
1850,New York,Clinton,40047,39935,112,0
1850,New York,Columbia,43073,41761,1312,0
1850,New York,Cortland,25140,25098,42,0
1850,New York,Delaware,39834,39633,201,0
1850,New York,Dutchess,58992,57022,1970,0
1850,New York,Erie,100993,100168,825,0
1850,New York,Essex,31148,31098,50,0
1850,New York,Franklin,25102,25040,62,0
1850,New York,Fulton,20171,20069,102,0
1850,New York,Genesee,28488,28411,77,0
1850,New York,Greene,33126,32231,895,0
1850,New York,Hamilton,2188,2186,2,0
1850,New York,Herkimer,38244,38041,203,0
1850,New York,Jefferson,68153,67962,191,0
1850,New York,Kings,138882,134817,4065,0
1850,New York,Lewis,24564,24522,42,0
1850,New York,Livingston,40875,40666,209,0
1850,New York,Madison,43072,42774,298,0
1850,New York,Monroe,87650,86951,699,0
1850,New York,Montgomery,31992,31518,474,0
1850,New York,New York,515547,501732,13815,0
1850,New York,Niagara,42276,41959,317,0
1850,New York,Oneida,99566,98894,672,0
1850,New York,Onondaga,85890,85277,613,0
1850,New York,Ontario,43929,43319,610,0
1850,New York,Orange,57145,54681,2464,0
1850,New York,Orleans,28501,28393,108,0
1850,New York,Oswego,62198,61983,215,0
1850,New York,Otsego,48638,48463,175,0
1850,New York,Putnam,14138,14000,138,0
1850,New York,Queens,36833,33382,3451,0
1850,New York,Rensselaer,73363,72344,1019,0
1850,New York,Richmond,15061,14471,590,0
1850,New York,Rockland,16962,16366,596,0
1850,New York,St Lawrence,68617,68578,39,0
1850,New York,Saratoga,45646,45028,618,0
1850,New York,Schenectady,20054,19666,388,0
1850,New York,Schoharie,33548,33070,478,0
1850,New York,Seneca,25441,25260,181,0
1850,New York,Steuben,63771,63400,371,0
1850,New York,Suffolk,36922,34805,2117,0
1850,New York,Sullivan,25088,24988,100,0
1850,New York,Tioga,24880,24683,197,0
1850,New York,Tompkins,38746,38421,325,0
1850,New York,Ulster,59384,57799,1585,0
1850,New York,Warren,17199,17153,46,0
1850,New York,Washington,44750,44400,350,0
1850,New York,Wayne,44953,44685,268,0
1850,New York,Westchester,58263,56188,2075,0
1850,New York,Wyoming,31981,31917,64,0
1850,New York,Yates,20590,20425,165,0
1850,North Carolina,Alamance,11444,7921,327,3196
1850,North Carolina,Alexander,5220,4653,24,543
1850,North Carolina,Anson,13489,6554,103,6832
1850,North Carolina,Ashe,8777,8096,86,595
1850,North Carolina,Beaufort,13816,7664,903,5249
1850,North Carolina,Bertie,12851,5335,322,7194
1850,North Carolina,Bladen,9767,5049,360,4358
1850,North Carolina,Brunswick,7272,3651,319,3302
1850,North Carolina,Buncombe,13425,11601,107,1717
1850,North Carolina,Burke,7772,5477,163,2132
1850,North Carolina,Cabarrus,9747,6942,120,2685
1850,North Carolina,Caldwell,6317,5005,109,1203
1850,North Carolina,Camden,6049,3565,297,2187
1850,North Carolina,Carteret,6939,5166,150,1623
1850,North Carolina,Caswell,15269,7076,423,7770
1850,North Carolina,Catawba,8862,7275,18,1569
1850,North Carolina,Chatham,18449,12161,303,5985
1850,North Carolina,Cherokee,6838,6493,8,337
1850,North Carolina,Chowan,6721,2939,109,3673
1850,North Carolina,Cleveland,10396,8591,58,1747
1850,North Carolina,Columbus,5909,4255,151,1503
1850,North Carolina,Craven,14709,7220,1538,5951
1850,North Carolina,Cumberland,20610,12447,946,7217
1850,North Carolina,Currituck,7236,4599,190,2447
1850,North Carolina,Davidson,15320,12137,191,2992
1850,North Carolina,Davie,7866,5612,83,2171
1850,North Carolina,Duplin,13514,7162,345,6007
1850,North Carolina,Edgecombe,17189,8359,283,8547
1850,North Carolina,Forsyth,11168,9661,154,1353
1850,North Carolina,Franklin,11713,5643,563,5507
1850,North Carolina,Gaston,8073,5935,26,2112
1850,North Carolina,Gates,8426,4159,396,3871
1850,North Carolina,Granville,21249,10294,1090,9865
1850,North Carolina,Greene,6619,3259,116,3244
1850,North Carolina,Guilford,19754,15874,694,3186
1850,North Carolina,Halifax,16589,5765,1870,8954
1850,North Carolina,Haywood,7074,6641,15,418
1850,North Carolina,Henderson,6853,5892,37,924
1850,North Carolina,Hertford,8142,3553,873,3716
1850,North Carolina,Hyde,7636,4756,253,2627
1850,North Carolina,Iredell,14719,10547,30,4142
1850,North Carolina,Johnston,13726,8879,184,4663
1850,North Carolina,Jones,5038,2139,142,2757
1850,North Carolina,Lenoir,7828,3567,145,4116
1850,North Carolina,Lincoln,7746,5655,36,2055
1850,North Carolina,McDowell,6246,4771,213,1262
1850,North Carolina,Macon,6389,5734,106,549
1850,North Carolina,Martin,8307,4617,323,3367
1850,North Carolina,Mecklenburg,13914,8285,156,5473
1850,North Carolina,Montgomery,6872,5055,44,1773
1850,North Carolina,Moore,9342,7196,170,1976
1850,North Carolina,Nash,10657,5972,629,4056
1850,North Carolina,New Hanover,17668,8201,886,8581
1850,North Carolina,Northampton,13335,5994,830,6511
1850,North Carolina,Onslow,8283,5003,172,3108
1850,North Carolina,Orange,17055,11330,481,5244
1850,North Carolina,Pasquotank,8950,4610,1235,3105
1850,North Carolina,Perquimans,7332,3630,450,3252
1850,North Carolina,Person,10781,5593,295,4893
1850,North Carolina,Pitt,13397,6664,100,6633
1850,North Carolina,Randolph,15832,13787,405,1640
1850,North Carolina,Richmond,9818,4889,225,4704
1850,North Carolina,Robeson,12826,7231,1230,4365
1850,North Carolina,Rockingham,14495,8747,419,5329
1850,North Carolina,Rowan,13870,9900,116,3854
1850,North Carolina,Rutherford,13550,10425,220,2905
1850,North Carolina,Sampson,14585,8423,477,5685
1850,North Carolina,Stanly,6922,5437,49,1436
1850,North Carolina,Stokes,9206,7264,149,1793
1850,North Carolina,Surry,18443,16159,284,2000
1850,North Carolina,Tyrrell,5133,3301,130,1702
1850,North Carolina,Union,10051,8018,51,1982
1850,North Carolina,Wake,24888,14173,1306,9409
1850,North Carolina,Warren,13912,4601,444,8867
1850,North Carolina,Washington,5664,3209,240,2215
1850,North Carolina,Watauga,3400,3242,29,129
1850,North Carolina,Wayne,13486,7801,665,5020
1850,North Carolina,Wilkes,12099,10733,224,1142
1850,North Carolina,Yancey,8205,7809,50,346
1850,Ohio,Adams,18883,18828,55,0
1850,Ohio,Allen,12109,12082,27,0
1850,Ohio,Ashland,23813,23810,3,0
1850,Ohio,Ashtabula,28767,28724,43,0
1850,Ohio,Athens,18215,18109,106,0
1850,Ohio,Auglaize,11338,11251,87,0
1850,Ohio,Belmont,34600,33822,778,0
1850,Ohio,Brown,27332,26469,863,0
1850,Ohio,Butler,30789,30422,367,0
1850,Ohio,Carroll,17685,17633,52,0
1850,Ohio,Champaign,19782,19288,494,0
1850,Ohio,Clark,22178,21855,323,0
1850,Ohio,Clermont,30455,30043,412,0
1850,Ohio,Clinton,18838,18240,598,0
1850,Ohio,Columbiana,33621,33439,182,0
1850,Ohio,Coshocton,25674,25630,44,0
1850,Ohio,Crawford,18177,18167,10,0
1850,Ohio,Cuyahoga,48099,47740,359,0
1850,Ohio,Darke,20276,20028,248,0
1850,Ohio,Defiance,6966,6947,19,0
1850,Ohio,Delaware,21817,21682,135,0
1850,Ohio,Erie,18568,18366,202,0
1850,Ohio,Fairfield,30264,29984,280,0
1850,Ohio,Fayette,12726,12435,291,0
1850,Ohio,Franklin,42909,41302,1607,0
1850,Ohio,Fulton,7781,7780,1,0
1850,Ohio,Gallia,17063,15865,1198,0
1850,Ohio,Geauga,17827,17820,7,0
1850,Ohio,Greene,21946,21292,654,0
1850,Ohio,Guernsey,30438,30270,168,0
1850,Ohio,Hamilton,156844,153244,3600,0
1850,Ohio,Hancock,16751,16725,26,0
1850,Ohio,Hardin,8251,8237,14,0
1850,Ohio,Harrison,20157,19870,287,0
1850,Ohio,Henry,3434,3434,0,0
1850,Ohio,Highland,25781,24885,896,0
1850,Ohio,Hocking,14119,14002,117,0
1850,Ohio,Holmes,20452,20447,5,0
1850,Ohio,Huron,26203,26164,39,0
1850,Ohio,Jackson,12719,12328,391,0
1850,Ohio,Jefferson,29133,28468,665,0
1850,Ohio,Knox,28872,28810,62,0
1850,Ohio,Lake,14654,14616,38,0
1850,Ohio,Lawrence,15246,14920,326,0
1850,Ohio,Licking,38846,38718,128,0
1850,Ohio,Logan,19162,18626,536,0
1850,Ohio,Lorain,26086,25822,264,0
1850,Ohio,Lucas,12363,12224,139,0
1850,Ohio,Madison,10015,9937,78,0
1850,Ohio,Mahoning,23735,23645,90,0
1850,Ohio,Marion,12618,12597,21,0
1850,Ohio,Medina,24441,24406,35,0
1850,Ohio,Meigs,17971,17919,52,0
1850,Ohio,Mercer,7712,7313,399,0
1850,Ohio,Miami,24999,24397,602,0
1850,Ohio,Monroe,28351,28282,69,0
1850,Ohio,Montgomery,38218,37969,249,0
1850,Ohio,Morgan,28585,28495,90,0
1850,Ohio,Morrow,20280,20262,18,0
1850,Ohio,Muskingum,45049,44418,631,0
1850,Ohio,Ottawa,3308,3307,1,0
1850,Ohio,Paulding,1766,1765,1,0
1850,Ohio,Perry,20775,20746,29,0
1850,Ohio,Pickaway,21006,20594,412,0
1850,Ohio,Pike,10953,10335,618,0
1850,Ohio,Portage,24419,24361,58,0
1850,Ohio,Preble,21736,21659,77,0
1850,Ohio,Putnam,7221,7210,11,0
1850,Ohio,Richland,30879,30812,67,0
1850,Ohio,Ross,32074,30168,1906,0
1850,Ohio,Sandusky,14305,14258,47,0
1850,Ohio,Scioto,18428,18217,211,0
1850,Ohio,Seneca,27104,26953,151,0
1850,Ohio,Shelby,13958,13551,407,0
1850,Ohio,Stark,39878,39719,159,0
1850,Ohio,Summit,27485,27364,121,0
1850,Ohio,Trumbull,30490,30425,65,0
1850,Ohio,Tuscarawas,31761,31672,89,0
1850,Ohio,Union,12204,12076,128,0
1850,Ohio,Van Wert,4793,4746,47,0
1850,Ohio,Vinton,9353,9246,107,0
1850,Ohio,Warren,25560,24958,602,0
1850,Ohio,Washington,29540,29150,390,0
1850,Ohio,Wayne,32981,32953,28,0
1850,Ohio,Williams,8018,8018,0,0
1850,Ohio,Wood,9157,9139,18,0
1850,Ohio,Wyandot,11194,11145,49,0
1850,Oregon Territory,Benton,814,810,4,0
1850,Oregon Territory,Clackamas,1859,1836,23,0
1850,Oregon Territory,Clark,643,592,51,0
1850,Oregon Territory,Clatsop,462,458,4,0
1850,Oregon Territory,Lewis,558,457,101,0
1850,Oregon Territory,Linn,994,994,0,0
1850,Oregon Territory,Marion,2749,2740,9,0
1850,Oregon Territory,Polk,1051,1046,5,0
1850,Oregon Territory,Washington,2652,2643,9,0
1850,Oregon Territory,Yamhill,1512,1511,1,0
1850,Pennsylvania,Adams,25981,25426,555,0
1850,Pennsylvania,Allegheny,138290,134859,3431,0
1850,Pennsylvania,Armstrong,29560,29431,129,0
1850,Pennsylvania,Beaver,26689,26444,245,0
1850,Pennsylvania,Bedford,23052,22637,415,0
1850,Pennsylvania,Berks,77129,76579,550,0
1850,Pennsylvania,Blair,21777,21517,260,0
1850,Pennsylvania,Bradford,42831,42634,197,0
1850,Pennsylvania,Bucks,56091,54369,1722,0
1850,Pennsylvania,Butler,30346,30262,84,0
1850,Pennsylvania,Cambria,17773,17645,128,0
1850,Pennsylvania,Carbon,15686,15656,30,0
1850,Pennsylvania,Centre,23355,23112,243,0
1850,Pennsylvania,Chester,66438,61215,5223,0
1850,Pennsylvania,Clarion,23565,23448,117,0
1850,Pennsylvania,Clearfield,12586,12482,104,0
1850,Pennsylvania,Clinton,11207,11055,152,0
1850,Pennsylvania,Columbia,17710,17607,103,0
1850,Pennsylvania,Crawford,37849,37750,99,0
1850,Pennsylvania,Cumberland,34327,33370,957,0
1850,Pennsylvania,Dauphin,35754,34476,1278,0
1850,Pennsylvania,Delaware,24679,23122,1557,0
1850,Pennsylvania,Elk,3531,3529,2,0
1850,Pennsylvania,Erie,38742,38593,149,0
1850,Pennsylvania,Fayette,39112,37443,1669,0
1850,Pennsylvania,Franklin,39904,37956,1948,0
1850,Pennsylvania,Fulton,7567,7474,93,0
1850,Pennsylvania,Greene,22136,21660,476,0
1850,Pennsylvania,Huntingdon,24786,24451,335,0
1850,Pennsylvania,Indiana,27170,26916,254,0
1850,Pennsylvania,Jefferson,13518,13424,94,0
1850,Pennsylvania,Juniata,13029,12898,131,0
1850,Pennsylvania,Lancaster,98944,95330,3614,0
1850,Pennsylvania,Lawrence,21079,20947,132,0
1850,Pennsylvania,Lebanon,26071,25985,86,0
1850,Pennsylvania,Lehigh,32479,32431,48,0
1850,Pennsylvania,Luzerne,56072,55699,373,0
1850,Pennsylvania,Lycoming,26257,25890,367,0
1850,Pennsylvania,McKean,5254,5218,36,0
1850,Pennsylvania,Mercer,33172,32881,291,0
1850,Pennsylvania,Mifflin,14980,14570,410,0
1850,Pennsylvania,Monroe,13270,13170,100,0
1850,Pennsylvania,Montgomery,58291,57434,857,0
1850,Pennsylvania,Montour,13239,13155,84,0
1850,Pennsylvania,Northampton,40235,40099,136,0
1850,Pennsylvania,Northumberland,23272,23180,92,0
1850,Pennsylvania,Perry,20088,19953,135,0
1850,Pennsylvania,Philadelphia,408762,389001,19761,0
1850,Pennsylvania,Pike,5881,5692,189,0
1850,Pennsylvania,Potter,6048,6042,6,0
1850,Pennsylvania,Schuylkill,60713,60305,408,0
1850,Pennsylvania,Somerset,24416,24317,99,0
1850,Pennsylvania,Sullivan,3694,3683,11,0
1850,Pennsylvania,Susquehanna,28688,28528,160,0
1850,Pennsylvania,Tioga,23987,23889,98,0
1850,Pennsylvania,Union,26083,25982,101,0
1850,Pennsylvania,Venango,18310,18270,40,0
1850,Pennsylvania,Warren,13671,13593,78,0
1850,Pennsylvania,Washington,44939,43380,1559,0
1850,Pennsylvania,Wayne,21890,21841,49,0
1850,Pennsylvania,Westmoreland,51726,51280,446,0
1850,Pennsylvania,Wyoming,10655,10650,5,0
1850,Pennsylvania,York,57450,56325,1125,0
1850,Rhode Island,Bristol,8514,8203,311,0
1850,Rhode Island,Kent,15068,14839,229,0
1850,Rhode Island,Newport,20007,19225,782,0
1850,Rhode Island,Providence,87526,85708,1818,0
1850,Rhode Island,Washington,16430,15900,530,0
1850,South Carolina,Abbeville,32318,12699,357,19262
1850,South Carolina,Anderson,21475,13867,94,7514
1850,South Carolina,Barnwell,26608,12289,311,14008
1850,South Carolina,Beaufort,38805,5947,579,32279
1850,South Carolina,Charleston,72805,24580,3849,44376
1850,South Carolina,Chester,18038,8003,148,9887
1850,South Carolina,Chesterfield,10790,6678,218,3894
1850,South Carolina,Colleton,39505,7403,331,31771
1850,South Carolina,Darlington,16831,6747,43,10041
1850,South Carolina,Edgefield,39262,16252,285,22725
1850,South Carolina,Fairfield,21404,7068,90,14246
1850,South Carolina,Georgetown,20647,2193,201,18253
1850,South Carolina,Greenville,20156,13370,95,6691
1850,South Carolina,Horry,7646,5522,49,2075
1850,South Carolina,Kershaw,14473,4681,214,9578
1850,South Carolina,Lancaster,10988,5857,117,5014
1850,South Carolina,Laurens,23407,11370,84,11953
1850,South Carolina,Lexington,12930,7350,23,5557
1850,South Carolina,Marion,17407,9781,106,7520
1850,South Carolina,Marlboro,10789,5033,156,5600
1850,South Carolina,Newberry,20143,7242,213,12688
1850,South Carolina,Orangeburg,23582,8120,78,15384
1850,South Carolina,Pickens,16904,13105,120,3679
1850,South Carolina,Richland,20243,6764,501,12978
1850,South Carolina,Spartanburg,26400,18311,50,8039
1850,South Carolina,Sumter,33220,9813,342,23065
1850,South Carolina,Union,19851,9317,142,10392
1850,South Carolina,Williamsburg,12447,3902,37,8508
1850,South Carolina,York,19433,11299,127,8007
1850,Tennessee,Anderson,6938,6391,41,506
1850,Tennessee,Bedford,21511,15937,72,5502
1850,Tennessee,Benton,6315,5931,21,363
1850,Tennessee,Bledsoe,5959,5036,96,827
1850,Tennessee,Blount,12424,11213,127,1084
1850,Tennessee,Bradley,12259,11478,37,744
1850,Tennessee,Campbell,6068,5651,99,318
1850,Tennessee,Cannon,8982,8115,24,843
1850,Tennessee,Carroll,15967,12815,17,3135
1850,Tennessee,Carter,6296,5911,32,353
1850,Tennessee,Claiborne,9369,8610,99,660
1850,Tennessee,Cocke,8300,7501,80,719
1850,Tennessee,Coffee,8351,7074,10,1267
1850,Tennessee,Davidson,38882,23853,854,14175
1850,Tennessee,Decatur,6003,5263,17,723
1850,Tennessee,DeKalb,8016,7331,17,668
1850,Tennessee,Dickson,8404,6285,1,2118
1850,Tennessee,Dyer,6361,4884,9,1468
1850,Tennessee,Fayette,26719,11416,39,15264
1850,Tennessee,Fentress,4454,4305,1,148
1850,Tennessee,Franklin,13768,10085,60,3623
1850,Tennessee,Gibson,19548,15286,68,4194
1850,Tennessee,Giles,25949,16518,73,9358
1850,Tennessee,Grainger,12370,11170,165,1035
1850,Tennessee,Greene,17824,16526,205,1093
1850,Tennessee,Grundy,2773,2522,15,236
1850,Tennessee,Hamilton,10075,9216,187,672
1850,Tennessee,Hancock,5660,5447,11,202
1850,Tennessee,Hardeman,17456,10308,40,7108
1850,Tennessee,Hardin,10328,9040,31,1257
1850,Tennessee,Hawkins,13370,11567,113,1690
1850,Tennessee,Haywood,17259,8711,50,8498
1850,Tennessee,Henderson,13164,10570,2,2592
1850,Tennessee,Henry,18233,13387,25,4821
1850,Tennessee,Hickman,9397,7559,22,1816
1850,Tennessee,Humphreys,6422,5304,21,1097
1850,Tennessee,Jackson,15673,14000,115,1558
1850,Tennessee,Jefferson,13204,11458,118,1628
1850,Tennessee,Johnson,3705,3485,14,206
1850,Tennessee,Knox,18807,16385,229,2193
1850,Tennessee,Lauderdale,5169,3397,6,1766
1850,Tennessee,Lawrence,9280,8094,24,1162
1850,Tennessee,Lewis,4438,3694,8,736
1850,Tennessee,Lincoln,23492,17802,69,5621
1850,Tennessee,McMinn,13906,12286,52,1568
1850,Tennessee,McNairy,12864,11447,24,1393
1850,Tennessee,Macon,6948,6122,60,766
1850,Tennessee,Madison,21470,12857,61,8552
1850,Tennessee,Marion,6314,5718,45,551
1850,Tennessee,Marshall,15616,11915,67,3634
1850,Tennessee,Maury,29520,16759,91,12670
1850,Tennessee,Meigs,4879,4480,4,395
1850,Tennessee,Monroe,11874,10623,63,1188
1850,Tennessee,Montgomery,21045,11900,74,9071
1850,Tennessee,Morgan,3430,3301,28,101
1850,Tennessee,Obion,7633,6572,4,1057
1850,Tennessee,Overton,11211,10088,58,1065
1850,Tennessee,Perry,5821,5503,5,313
1850,Tennessee,Polk,6338,5884,54,400
1850,Tennessee,Rhea,4415,3951,28,436
1850,Tennessee,Roane,12185,10525,116,1544
1850,Tennessee,Robertson,16145,11503,26,4616
1850,Tennessee,Rutherford,29122,16910,234,11978
1850,Tennessee,Scott,1905,1868,0,37
1850,Tennessee,Sevier,6920,6450,67,403
1850,Tennessee,Shelby,31157,16579,218,14360
1850,Tennessee,Smith,18412,13709,186,4517
1850,Tennessee,Stewart,9719,7017,127,2575
1850,Tennessee,Sullivan,11742,10603,135,1004
1850,Tennessee,Sumner,22717,14487,224,8006
1850,Tennessee,Tipton,8887,4673,22,4192
1850,Tennessee,Van Buren,2674,2481,18,175
1850,Tennessee,Warren,10179,8386,83,1710
1850,Tennessee,Washington,13861,12671,260,930
1850,Tennessee,Wayne,8170,7232,8,930
1850,Tennessee,Weakley,14608,11525,13,3070
1850,Tennessee,White,11444,10101,129,1214
1850,Tennessee,Williamson,27201,14266,71,12864
1850,Tennessee,Wilson,27443,19913,403,7127
1850,Texas,Anderson,2884,2284,0,600
1850,Texas,Angelina,1165,945,24,196
1850,Texas,Austin,3841,2286,6,1549
1850,Texas,Bastrop,3099,2180,0,919
1850,Texas,Bexar,6052,5633,30,389
1850,Texas,Bowie,2912,1271,0,1641
1850,Texas,Brazoria,4841,1329,5,3507
1850,Texas,Brazos,614,466,0,148
1850,Texas,Burleson,1713,1213,0,500
1850,Texas,Caldwell,1329,1054,1,274
1850,Texas,Calhoun,1110,867,9,234
1850,Texas,Cameron,8541,8469,19,53
1850,Texas,Cass (old),4991,3089,0,1902
1850,Texas,Cherokee,6673,5389,1,1283
1850,Texas,Collin,1950,1816,0,134
1850,Texas,Colorado,2257,1534,0,723
1850,Texas,Comal,1723,1662,0,61
1850,Texas,Cooke,220,219,0,1
1850,Texas,Dallas,2743,2536,0,207
1850,Texas,Denton,641,631,0,10
1850,Texas,DeWitt,1716,1148,0,568
1850,Texas,Ellis,989,902,10,77
1850,Texas,Fannin,3788,3260,0,528
1850,Texas,Fayette,3756,2740,0,1016
1850,Texas,Fort Bend,2533,974,5,1554
1850,Texas,Galveston,4529,3785,30,714
1850,Texas,Gillespie,1240,1235,0,5
1850,Texas,Goliad,648,435,0,213
1850,Texas,Gonzales,1492,891,0,601
1850,Texas,Grayson,2008,1822,0,186
1850,Texas,Grimes,4008,2326,2,1680
1850,Texas,Guadalupe,1511,1171,5,335
1850,Texas,Harris,4668,3756,7,905
1850,Texas,Harrison,11822,5604,5,6213
1850,Texas,Hays,387,259,0,128
1850,Texas,Henderson,1237,1155,1,81
1850,Texas,Hopkins,2623,2469,0,154
1850,Texas,Houston,2721,2036,12,673
1850,Texas,Hunt,1520,1477,2,41
1850,Texas,Jackson,996,627,30,339
1850,Texas,Jasper,1767,1226,0,541
1850,Texas,Jefferson,1836,1504,63,269
1850,Texas,Kaufman,1047,982,0,65
1850,Texas,Lamar,3978,2893,0,1085
1850,Texas,Lavaca,1571,1139,0,432
1850,Texas,Leon,1946,1325,0,621
1850,Texas,Liberty,2522,1623,7,892
1850,Texas,Limestone,2608,1990,0,618
1850,Texas,Matagorda,2124,913,3,1208
1850,Texas,Medina,909,881,0,28
1850,Texas,Milam,2907,2469,2,436
1850,Texas,Montgomery,2384,1439,0,945
1850,Texas,Nacogdoches,5193,3758,31,1404
1850,Texas,Navarro,2190,1943,1,246
1850,Texas,Navarro-Ellis-Tarrant [multi-county reporting area],,,,
1850,Texas,Newton,1689,1255,8,426
1850,Texas,Nueces,698,650,1,47
1850,Texas,Panola,3871,2676,2,1193
1850,Texas,Polk,2348,1542,1,805
1850,Texas,Red River,3906,2493,7,1406
1850,Texas,Refugio,288,269,0,19
1850,Texas,Robertson,934,670,0,264
1850,Texas,Rusk,8148,6012,0,2136
1850,Texas,Sabine,2498,1556,0,942
1850,Texas,San Augustine,3648,2087,0,1561
1850,Texas,San Patricio,200,197,0,3
1850,Texas,Shelby,4239,3278,0,961
1850,Texas,Smith,4292,3575,0,717
1850,Texas,Starr,,,,
1850,Texas,Tarrant,664,599,0,65
1850,Texas,Titus,3636,3168,1,467
1850,Texas,Travis,3138,2336,11,791
1850,Texas,Tyler,1894,1476,0,418
1850,Texas,Upshur,3394,2712,0,682
1850,Texas,Van Zandt,1348,1308,0,40
1850,Texas,Victoria,2019,1396,52,571
1850,Texas,Walker,3964,2663,0,1301
1850,Texas,Washington,5983,3166,0,2817
1850,Texas,Webb,,,,
1850,Texas,Wharton,1752,510,0,1242
1850,Texas,Williamson,1568,1410,3,155
1850,Utah Territory,Davis,1134,1134,0,0
1850,Utah Territory,Great Salt Lake,6157,6142,15,0
1850,Utah Territory,Iron,360,359,1,0
1850,Utah Territory,Sanpete,365,365,0,0
1850,Utah Territory,Tooele,152,152,0,0
1850,Utah Territory,Utah,2026,1992,8,26
1850,Utah Territory,Weber,1186,1186,0,0
1850,Vermont,Addison,26549,26441,108,0
1850,Vermont,Bennington,18589,18511,78,0
1850,Vermont,Caledonia,23595,23584,11,0
1850,Vermont,Chittenden,29036,28927,109,0
1850,Vermont,Essex,4650,4647,3,0
1850,Vermont,Franklin,28586,28500,86,0
1850,Vermont,Grand Isle,4145,4142,3,0
1850,Vermont,Lamoille,10872,10869,3,0
1850,Vermont,Orange,27296,27277,19,0
1850,Vermont,Orleans,15707,15694,13,0
1850,Vermont,Rutland,33059,32938,121,0
1850,Vermont,Washington,24654,24640,14,0
1850,Vermont,Windham,29062,29025,37,0
1850,Vermont,Windsor,38320,38207,113,0
1850,Virginia,Accomack,17890,9608,3295,4987
1850,Virginia,Albemarle,25800,11875,587,13338
1850,Virginia,Alexandria,10008,7217,1409,1382
1850,Virginia,Alleghany,3515,2763,58,694
1850,Virginia,Amelia,9770,2785,166,6819
1850,Virginia,Amherst,12699,6352,394,5953
1850,Virginia,Appomattox,9193,4209,185,4799
1850,Virginia,Augusta,24610,18983,574,5053
1850,Virginia,Barbour,9005,8670,222,113
1850,Virginia,Bath,3426,2434,45,947
1850,Virginia,Bedford,24080,13556,463,10061
1850,Virginia,Berkeley,11771,9566,249,1956
1850,Virginia,Boone,3237,3054,0,183
1850,Virginia,Botetourt,14908,10746,426,3736
1850,Virginia,Braxton,4212,4123,0,89
1850,Virginia,Brooke,5054,4923,100,31
1850,Virginia,Brunswick,13894,4885,553,8456
1850,Virginia,Buckingham,13837,5426,250,8161
1850,Virginia,Cabell,6299,5902,8,389
1850,Virginia,Campbell,23245,11533,846,10866
1850,Virginia,Caroline,18456,6891,904,10661
1850,Virginia,Carroll,5909,5726,29,154
1850,Virginia,Charles City,5200,1664,772,2764
1850,Virginia,Charlotte,13955,4615,352,8988
1850,Virginia,Chesterfield,17489,8406,467,8616
1850,Virginia,Clarke,7352,3614,124,3614
1850,Virginia,Culpeper,12282,5112,487,6683
1850,Virginia,Cumberland,9751,3082,340,6329
1850,Virginia,Dinwiddie,25118,10942,3296,10880
1850,Virginia,Doddridge,2750,2718,1,31
1850,Virginia,Elizabeth City,4586,2341,97,2148
1850,Virginia,Essex,10206,3035,409,6762
1850,Virginia,Fairfax,10682,6835,597,3250
1850,Virginia,Fauquier,20868,9875,643,10350
1850,Virginia,Fayette,3955,3780,19,156
1850,Virginia,Floyd,6458,6001,14,443
1850,Virginia,Fluvanna,9487,4539,211,4737
1850,Virginia,Franklin,17430,11638,66,5726
1850,Virginia,Frederick,15975,12769,912,2294
1850,Virginia,Giles,6570,5858,55,657
1850,Virginia,Gilmer,3475,3403,0,72
1850,Virginia,Gloucester,10527,4290,680,5557
1850,Virginia,Goochland,10352,3863,644,5845
1850,Virginia,Grayson,6677,6142,36,499
1850,Virginia,Greenbrier,10022,8549,156,1317
1850,Virginia,Greene,4400,2667,34,1699
1850,Virginia,Greensville,5639,1731,123,3785
1850,Virginia,Halifax,25962,10976,534,14452
1850,Virginia,Hampshire,14036,12379,224,1433
1850,Virginia,Hancock,4050,4040,7,3
1850,Virginia,Hanover,15153,6539,221,8393
1850,Virginia,Hardy,9543,7927,356,1260
1850,Virginia,Harrison,11728,11213,27,488
1850,Virginia,Henrico,43572,23826,3637,16109
1850,Virginia,Henry,8872,5324,208,3340
1850,Virginia,Highland,4227,3837,26,364
1850,Virginia,Isle Of Wight,9353,4710,1248,3395
1850,Virginia,Jackson,6544,6480,11,53
1850,Virginia,James City,4020,1489,663,1868
1850,Virginia,Jefferson,15357,10476,540,4341
1850,Virginia,Kanawha,15353,12001,212,3140
1850,Virginia,King And Queen,10319,4094,461,5764
1850,Virginia,King George,5971,2301,267,3403
1850,Virginia,King William,8779,2701,347,5731
1850,Virginia,Lancaster,4708,1802,266,2640
1850,Virginia,Lee,10267,9440,40,787
1850,Virginia,Lewis,10031,9620,43,368
1850,Virginia,Logan,3620,3533,0,87
1850,Virginia,Loudoun,22079,15081,1357,5641
1850,Virginia,Louisa,16691,6423,404,9864
1850,Virginia,Lunenburg,11692,4314,191,7187
1850,Virginia,Madison,9331,4456,151,4724
1850,Virginia,Marion,10552,10439,19,94
1850,Virginia,Marshall,10138,10050,39,49
1850,Virginia,Mason,7539,6841,51,647
1850,Virginia,Mathews,6714,3642,149,2923
1850,Virginia,Mecklenburg,20630,7256,912,12462
1850,Virginia,Mercer,4222,4018,27,177
1850,Virginia,Middlesex,4394,1903,149,2342
1850,Virginia,Monongalia,12387,12092,119,176
1850,Virginia,Monroe,10204,9062,81,1061
1850,Virginia,Montgomery,8359,6822,66,1471
1850,Virginia,Morgan,3557,3431,3,123
1850,Virginia,Nansemond,12283,5424,2144,4715
1850,Virginia,Nelson,12758,6478,138,6142
1850,Virginia,New Kent,6064,2222,432,3410
1850,Virginia,Nicholas,3963,3889,1,73
1850,Virginia,Norfolk,33036,20329,2307,10400
1850,Virginia,Northampton,7498,3105,745,3648
1850,Virginia,Northumberland,7346,3072,519,3755
1850,Virginia,Nottoway,8437,2234,153,6050
1850,Virginia,Ohio,18006,17612,230,164
1850,Virginia,Orange,10067,3962,184,5921
1850,Virginia,Page,7600,6332,311,957
1850,Virginia,Patrick,9609,7187,98,2324
1850,Virginia,Pendleton,5795,5443,30,322
1850,Virginia,Pittsylvania,28796,15263,735,12798
1850,Virginia,Pocahontas,3598,3303,28,267
1850,Virginia,Powhatan,8178,2513,383,5282
1850,Virginia,Preston,11708,11562,59,87
1850,Virginia,Prince Edward,11857,4177,488,7192
1850,Virginia,Prince George,7596,2670,518,4408
1850,Virginia,Princess Anne,7669,4280,259,3130
1850,Virginia,Prince William,8129,5079,552,2498
1850,Virginia,Pulaski,5118,3613,34,1471
1850,Virginia,Putnam,5335,4693,10,632
1850,Virginia,Raleigh,1765,1729,13,23
1850,Virginia,Randolph,5243,5003,39,201
1850,Virginia,Rappahannock,9782,5642,296,3844
1850,Virginia,Richmond,6448,3463,708,2277
1850,Virginia,Ritchie,3902,3886,0,16
1850,Virginia,Roanoke,8477,5812,155,2510
1850,Virginia,Rockbridge,16045,11484,364,4197
1850,Virginia,Rockingham,20294,17496,467,2331
1850,Virginia,Russell,11919,10866,71,982
1850,Virginia,Scott,9829,9322,34,473
1850,Virginia,Shenandoah,13768,12565,292,911
1850,Virginia,Smyth,8162,6898,200,1064
1850,Virginia,Southampton,13521,5940,1826,5755
1850,Virginia,Spotsylvania,14911,6894,536,7481
1850,Virginia,Stafford,8044,4415,318,3311
1850,Virginia,Surry,5679,2215,985,2479
1850,Virginia,Sussex,9820,3086,742,5992
1850,Virginia,Taylor,5367,5130,69,168
1850,Virginia,Tazewell,9942,8807,75,1060
1850,Virginia,Tyler,5498,5456,4,38
1850,Virginia,Warren,6607,4493,366,1748
1850,Virginia,Warwick,1546,599,42,905
1850,Virginia,Washington,14612,12369,112,2131
1850,Virginia,Wayne,4760,4564,7,189
1850,Virginia,Westmoreland,8080,3376,1147,3557
1850,Virginia,Wetzel,4284,4261,6,17
1850,Virginia,Wirt,3353,3319,2,32
1850,Virginia,Wood,9450,9008,69,373
1850,Virginia,Wyoming,1645,1583,1,61
1850,Virginia,Wythe,12024,9618,221,2185
1850,Virginia,York,4460,1825,454,2181
1850,Wisconsin,Adams,187,187,0,0
1850,Wisconsin,Adams-Sauk [multi-county reporting area],,,,
1850,Wisconsin,Brown,6215,6170,45,0
1850,Wisconsin,Calumet,1743,1620,123,0
1850,Wisconsin,Chippewa,615,614,1,0
1850,Wisconsin,Chippewa-Crawford [multi-county reporting area],,,,
1850,Wisconsin,Columbia,9565,9547,18,0
1850,Wisconsin,Crawford,2498,2481,17,0
1850,Wisconsin,Dane,16639,16613,26,0
1850,Wisconsin,Dodge,19138,19126,12,0
1850,Wisconsin,Fond du Lac,14510,14507,3,0
1850,Wisconsin,Grant,16169,16139,30,0
1850,Wisconsin,Green,8566,8566,0,0
1850,Wisconsin,Iowa,9525,9496,29,0
1850,Wisconsin,Jefferson,15317,15314,3,0
1850,Wisconsin,Kenosha,10734,10716,18,0
1850,Wisconsin,Lafayette,11531,11517,14,0
1850,Wisconsin,La Point,489,483,6,0
1850,Wisconsin,Manitowoc,3702,3702,0,0
1850,Wisconsin,Marathon,508,508,0,0
1850,Wisconsin,Marquette,8641,8634,7,0
1850,Wisconsin,Milwaukee,31077,30966,111,0
1850,Wisconsin,Portage,1250,1249,1,0
1850,Wisconsin,Racine,14973,14907,66,0
1850,Wisconsin,Richland,903,902,1,0
1850,Wisconsin,Rock,20750,20727,23,0
1850,Wisconsin,St Croix,624,619,5,0
1850,Wisconsin,Sauk,4371,4370,1,0
1850,Wisconsin,Sheboygan,8379,8372,7,0
1850,Wisconsin,Walworth,17862,17859,3,0
1850,Wisconsin,Washington,19485,19485,0,0
1850,Wisconsin,Waukesha,19258,19213,45,0
1850,Wisconsin,Winnebago,10167,10147,20,0
