YEAR,STATE,COUNTY,total_white,total_free_black,total_slave
1860,Alabama,Autauga,7105,14,9607
1860,Alabama,Baldwin,3585,140,3714
1860,Alabama,Barbour,14629,33,16150
1860,Alabama,Bibb,8027,25,3842
1860,Alabama,Blount,10193,6,666
1860,Alabama,Butler,11260,44,6818
1860,Alabama,Calhoun,17169,28,4342
1860,Alabama,Chambers,11315,50,11849
1860,Alabama,Cherokee,15321,37,3002
1860,Alabama,Choctaw,6767,16,7094
1860,Alabama,Clarke,7599,14,7436
1860,Alabama,Coffee,8200,6,1417
1860,Alabama,Conecuh,6419,10,4882
1860,Alabama,Coosa,14044,11,5212
1860,Alabama,Covington,5631,17,821
1860,Alabama,Dale,10379,7,1809
1860,Alabama,Dallas,7785,80,25760
1860,Alabama,DeKalb,9853,4,848
1860,Alabama,Fayette,11145,2,1703
1860,Alabama,Franklin,10119,13,8495
1860,Alabama,Greene,7251,10,23598
1860,Alabama,Henry,10464,21,4433
1860,Alabama,Jackson,14811,67,3405
1860,Alabama,Jefferson,9078,19,2649
1860,Alabama,Lauderdale,10639,44,6737
1860,Alabama,Lawrence,7173,14,6788
1860,Alabama,Limestone,7215,6,8085
1860,Alabama,Lowndes,8362,14,19340
1860,Alabama,Macon,8624,1,18176
1860,Alabama,Madison,11685,192,14573
1860,Alabama,Marengo,6761,1,24409
1860,Alabama,Marion,9893,5,1283
1860,Alabama,Marshall,9596,51,1821
1860,Alabama,Mobile,28559,1195,11376
1860,Alabama,Monroe,6878,46,8705
1860,Alabama,Montgomery,12122,70,23710
1860,Alabama,Morgan,7592,37,3706
1860,Alabama,Perry,9479,39,18206
1860,Alabama,Pickens,10117,8,12191
1860,Alabama,Pike,15646,4,8785
1860,Alabama,Randolph,18132,23,1904
1860,Alabama,Russell,10936,18,15638
1860,Alabama,St Clair,9236,9,1768
1860,Alabama,Shelby,8970,26,3622
1860,Alabama,Sumter,5919,25,18091
1860,Alabama,Talladega,14634,21,8865
1860,Alabama,Tallapoosa,17154,1,6672
1860,Alabama,Tuscaloosa,12971,84,10145
1860,Alabama,Walker,7461,0,519
1860,Alabama,Washington,2119,56,2494
1860,Alabama,Wilcox,6795,26,17797
1860,Alabama,Winston,3454,0,122
1860,Arkansas,Arkansas,3923,0,4921
1860,Arkansas,Ashley,4829,0,3761
1860,Arkansas,Benton,8905,1,384
1860,Arkansas,Bradley,5698,0,2690
1860,Arkansas,Calhoun,3122,0,981
1860,Arkansas,Carroll,9053,0,330
1860,Arkansas,Chicot,1722,0,7512
1860,Arkansas,Clark,7516,5,2214
1860,Arkansas,Columbia,8845,5,3599
1860,Arkansas,Conway,5895,0,802
1860,Arkansas,Craighead,2978,1,87
1860,Arkansas,Crawford,6986,6,858
1860,Arkansas,Crittenden,2573,0,2347
1860,Arkansas,Dallas,4788,1,3494
1860,Arkansas,Desha,2655,20,3784
1860,Arkansas,Drew,5581,0,3497
1860,Arkansas,Franklin,6330,6,962
1860,Arkansas,Fulton,3936,0,88
1860,Arkansas,Greene,5654,0,189
1860,Arkansas,Hempstead,8589,2,5398
1860,Arkansas,Hot Spring,5019,3,613
1860,Arkansas,Independence,12970,0,1337
1860,Arkansas,Izard,6831,0,382
1860,Arkansas,Jackson,7957,1,2535
1860,Arkansas,Jefferson,7813,12,7146
1860,Arkansas,Johnson,6639,0,973
1860,Arkansas,Lafayette,4146,7,4311
1860,Arkansas,Lawrence,8875,3,494
1860,Arkansas,Madison,7444,0,296
1860,Arkansas,Marion,5923,8,261
1860,Arkansas,Mississippi,2434,0,1461
1860,Arkansas,Monroe,3431,0,2226
1860,Arkansas,Montgomery,3541,0,92
1860,Arkansas,Newton,3369,0,24
1860,Arkansas,Ouachita,8457,1,4478
1860,Arkansas,Perry,2162,0,303
1860,Arkansas,Phillips,5931,4,8941
1860,Arkansas,Pike,3798,0,227
1860,Arkansas,Poinsett,2535,0,1086
1860,Arkansas,Polk,4090,0,172
1860,Arkansas,Pope,6905,0,978
1860,Arkansas,Prairie,6015,0,2839
1860,Arkansas,Pulaski,8187,7,3505
1860,Arkansas,Randolph,5902,0,359
1860,Arkansas,St Francis,6051,0,2621
1860,Arkansas,Saline,5891,0,749
1860,Arkansas,Scott,4930,0,215
1860,Arkansas,Searcy,5178,0,93
1860,Arkansas,Sebastian,8555,1,680
1860,Arkansas,Sevier,7150,0,3366
1860,Arkansas,Union,5957,0,6331
1860,Arkansas,Van Buren,5157,0,200
1860,Arkansas,Washington,13106,47,1493
1860,Arkansas,White,6881,3,1432
1860,Arkansas,Yell,5335,0,998
1860,California,Alameda,8548,55,0
1860,California,Amador,8252,88,0
1860,California,Butte,9737,71,0
1860,California,Calaveras,12546,95,0
1860,California,Colusa,2165,25,0
1860,California,Contra Costa,5185,27,0
1860,California,Del Norte,1341,48,0
1860,California,El Dorado,15515,277,0
1860,California,Fresno,999,3,0
1860,California,Humboldt,2498,6,0
1860,California,Klamath,1220,4,0
1860,California,Los Angeles,9221,87,0
1860,California,Marin,3097,23,0
1860,California,Mariposa,4303,90,0
1860,California,Mendocino,2905,3,0
1860,California,Merced,1114,23,0
1860,California,Monterey,4305,17,0
1860,California,Napa,5448,55,0
1860,California,Nevada,14138,156,0
1860,California,Placer,10819,52,0
1860,California,Plumas,3851,5,0
1860,California,Sacramento,21692,468,0
1860,California,San Bernardino,2504,19,0
1860,California,San Diego,1249,8,0
1860,California,San Francisco,52866,1176,0
1860,California,San Joaquin,9166,126,0
1860,California,San Luis Obispo,1621,12,0
1860,California,San Mateo,3088,68,0
1860,California,Santa Barbara,3178,0,0
1860,California,Santa Clara,11646,87,0
1860,California,Santa Cruz,4688,32,0
1860,California,Shasta,3895,42,0
1860,California,Sierra,9122,57,0
1860,California,Siskiyou,6992,71,0
1860,California,Solano,7092,42,0
1860,California,Sonoma,11587,85,0
1860,California,Stanislaus,2002,45,0
1860,California,Sutter,3348,30,0
1860,California,Tehama,3242,42,0
1860,California,Trinity,3370,17,0
1860,California,Tulare,3262,23,0
1860,California,Tuolumne,14095,166,0
1860,California,Yolo,4683,27,0
1860,California,Yuba,11582,233,0
1860,Connecticut,Fairfield,75800,1676,0
1860,Connecticut,Hartford,88643,1319,0
1860,Connecticut,Litchfield,46207,1111,0
1860,Connecticut,Middlesex,30522,337,0
1860,Connecticut,New Haven,95223,2113,0
1860,Connecticut,New London,60387,1344,0
1860,Connecticut,Tolland,20452,256,0
1860,Connecticut,Windham,34270,471,0
1860,Delaware,Kent,20330,7271,203
1860,Delaware,New Castle,46355,8188,254
1860,Delaware,Sussex,23904,4370,1341
1860,Florida,Alachua,3767,8,4457
1860,Florida,Brevard,224,1,21
1860,Florida,Calhoun,895,27,524
1860,Florida,Clay,1388,7,519
1860,Florida,Columbia,2582,1,2063
1860,Florida,Dade,80,1,2
1860,Florida,Duval,2925,162,1987
1860,Florida,Escambia,3653,153,1961
1860,Florida,Franklin,1378,6,520
1860,Florida,Gadsden,3981,6,5409
1860,Florida,Hamilton,2734,23,1397
1860,Florida,Hernando,1000,0,200
1860,Florida,Hillsborough,2415,2,564
1860,Florida,Holmes,1271,3,112
1860,Florida,Jackson,5263,43,4903
1860,Florida,Jefferson,3498,4,6374
1860,Florida,Lafayette,1490,1,577
1860,Florida,Leon,3194,60,9089
1860,Florida,Levy,1331,0,450
1860,Florida,Liberty,935,1,521
1860,Florida,Madison,3521,9,4249
1860,Florida,Manatee,601,0,253
1860,Florida,Marion,3294,1,5314
1860,Florida,Monroe,2302,160,451
1860,Florida,Monroe-Dade [multi-county reporting area],,,
1860,Florida,Nassau,1978,54,1612
1860,Florida,New River,3075,1,744
1860,Florida,Orange,823,1,163
1860,Florida,Putnam,1634,31,1047
1860,Florida,St Johns,1953,82,1003
1860,Florida,Santa Rosa,4048,61,1371
1860,Florida,Sumter,1000,0,549
1860,Florida,Suwannee,1467,1,835
1860,Florida,Taylor,1259,0,125
1860,Florida,Volusia,861,0,297
1860,Florida,Wakulla,1672,0,1167
1860,Florida,Walton,2584,12,441
1860,Florida,Washington,1670,10,474
1860,Georgia,Appling,3442,3,745
1860,Georgia,Baker,1493,0,3492
1860,Georgia,Baldwin,4057,92,4929
1860,Georgia,Banks,3610,11,1086
1860,Georgia,Berrien,3041,2,432
1860,Georgia,Bibb,9458,41,6790
1860,Georgia,Brooks,3067,2,3282
1860,Georgia,Bryan,1636,0,2379
1860,Georgia,Bulloch,3506,0,2162
1860,Georgia,Burke,5013,100,12052
1860,Georgia,Butts,3373,15,3067
1860,Georgia,Calhoun,2174,8,2731
1860,Georgia,Camden,1276,1,4143
1860,Georgia,Campbell,6289,8,2004
1860,Georgia,Carroll,10116,13,1862
1860,Georgia,Cass,11433,9,4282
1860,Georgia,Catoosa,4368,4,710
1860,Georgia,Charlton,1223,0,557
1860,Georgia,Chatham,15511,725,14807
1860,Georgia,Chattahoochee,3034,5,2758
1860,Georgia,Chattooga,5107,4,2054
1860,Georgia,Cherokee,10047,45,1199
1860,Georgia,Clarke,5539,19,5660
1860,Georgia,Clay,2626,14,2253
1860,Georgia,Clayton,3240,0,1226
1860,Georgia,Clinch,2609,5,449
1860,Georgia,Cobb,10410,13,3819
1860,Georgia,Coffee,2206,10,663
1860,Georgia,Colquitt,1195,11,110
1860,Georgia,Columbia,3511,56,8293
1860,Georgia,Coweta,7433,22,7248
1860,Georgia,Crawford,3407,16,4270
1860,Georgia,Dade,2765,4,300
1860,Georgia,Dawson,3526,4,326
1860,Georgia,Decatur,5985,13,5924
1860,Georgia,DeKalb,5798,8,2000
1860,Georgia,Dooly,4845,2,4070
1860,Georgia,Dougherty,2207,9,6079
1860,Georgia,Early,2092,0,4057
1860,Georgia,Echols,1177,0,314
1860,Georgia,Effingham,2572,18,2165
1860,Georgia,Elbert,4697,25,5711
1860,Georgia,Emanuel,3748,39,1294
1860,Georgia,Fannin,4966,1,143
1860,Georgia,Fayette,5022,6,2019
1860,Georgia,Floyd,9269,13,5913
1860,Georgia,Forsyth,6851,8,890
1860,Georgia,Franklin,6038,42,1313
1860,Georgia,Fulton,11441,31,2955
1860,Georgia,Gilmer,6553,3,167
1860,Georgia,Glascock,1654,25,758
1860,Georgia,Glynn,1048,2,2839
1860,Georgia,Gordon,8001,39,2106
1860,Georgia,Greene,4229,25,8398
1860,Georgia,Gwinnett,10358,31,2551
1860,Georgia,Habersham,5136,43,787
1860,Georgia,Hall,8091,14,1261
1860,Georgia,Hancock,3871,36,8137
1860,Georgia,Haralson,2810,0,229
1860,Georgia,Harris,5979,21,7736
1860,Georgia,Hart,4603,6,1528
1860,Georgia,Heard,4979,15,2811
1860,Georgia,Henry,6175,12,4515
1860,Georgia,Houston,4828,28,10755
1860,Georgia,Irwin,1453,0,246
1860,Georgia,Jackson,7249,27,3329
1860,Georgia,Jasper,3771,18,6954
1860,Georgia,Jefferson,4133,41,6045
1860,Georgia,Johnson,2063,7,849
1860,Georgia,Jones,3084,34,5989
1860,Georgia,Laurens,3723,6,3269
1860,Georgia,Lee,2242,7,4947
1860,Georgia,Liberty,2284,23,6083
1860,Georgia,Lincoln,1675,0,3768
1860,Georgia,Lowndes,2850,0,2399
1860,Georgia,Lumpkin,4156,38,432
1860,Georgia,McIntosh,1429,54,4063
1860,Georgia,Macon,3575,9,4865
1860,Georgia,Madison,3924,17,1992
1860,Georgia,Marion,3854,7,3529
1860,Georgia,Meriwether,6578,4,8748
1860,Georgia,Miller,1151,0,640
1860,Georgia,Milton,3984,1,617
1860,Georgia,Mitchell,2716,3,1589
1860,Georgia,Monroe,5753,23,10177
1860,Georgia,Montgomery,2014,6,977
1860,Georgia,Morgan,2983,7,7006
1860,Georgia,Murray,5639,2,1442
1860,Georgia,Muscogee,8966,173,7445
1860,Georgia,Newton,7822,40,6458
1860,Georgia,Oglethorpe,4014,21,7514
1860,Georgia,Paulding,6460,6,572
1860,Georgia,Pickens,4705,0,246
1860,Georgia,Pierce,1740,0,233
1860,Georgia,Pike,5332,24,4722
1860,Georgia,Polk,3853,2,2440
1860,Georgia,Pulaski,4607,31,4106
1860,Georgia,Putnam,2956,31,7138
1860,Georgia,Quitman,1870,4,1625
1860,Georgia,Rabun,3061,4,206
1860,Georgia,Randolph,5103,1,4467
1860,Georgia,Richmond,12405,490,8389
1860,Georgia,Schley,2274,11,2348
1860,Georgia,Screven,3742,2,4530
1860,Georgia,Spalding,4826,54,3819
1860,Georgia,Stewart,5534,4,7884
1860,Georgia,Sumter,4536,2,4890
1860,Georgia,Talbot,4994,19,8603
1860,Georgia,Taliaferro,1693,41,2849
1860,Georgia,Tattnall,3191,4,1157
1860,Georgia,Taylor,3601,0,2397
1860,Georgia,Telfair,1877,0,836
1860,Georgia,Terrell,3343,1,2888
1860,Georgia,Thomas,4488,34,6244
1860,Georgia,Towns,2346,5,108
1860,Georgia,Troup,6223,37,10002
1860,Georgia,Twiggs,2930,72,5318
1860,Georgia,Union,4295,2,116
1860,Georgia,Upson,5015,7,4888
1860,Georgia,Walker,8517,30,1535
1860,Georgia,Walton,6447,6,4621
1860,Georgia,Ware,1818,5,377
1860,Georgia,Warren,4347,94,5379
1860,Georgia,Washington,6143,23,6532
1860,Georgia,Wayne,1617,30,621
1860,Georgia,Webster,2741,2,2287
1860,Georgia,White,3041,11,263
1860,Georgia,Whitfield,8314,1,1732
1860,Georgia,Wilcox,1692,2,421
1860,Georgia,Wilkes,3434,33,7953
1860,Georgia,Wilkinson,5472,17,3887
1860,Georgia,Worth,2118,13,632
1860,Illinois,Adams,41144,179,0
1860,Illinois,Alexander,4652,55,0
1860,Illinois,Bond,9767,48,0
1860,Illinois,Boone,11670,8,0
1860,Illinois,Brown,9919,19,0
1860,Illinois,Bureau,26415,11,0
1860,Illinois,Calhoun,5143,1,0
1860,Illinois,Carroll,11718,15,0
1860,Illinois,Cass,11313,12,0
1860,Illinois,Champaign,14581,48,0
1860,Illinois,Christian,10475,17,0
1860,Illinois,Clark,14948,39,0
1860,Illinois,Clay,9309,27,0
1860,Illinois,Clinton,10729,212,0
1860,Illinois,Coles,14174,29,0
1860,Illinois,Cook,143947,1007,0
1860,Illinois,Crawford,11529,22,0
1860,Illinois,Cumberland,8309,2,0
1860,Illinois,DeKalb,19079,7,0
1860,Illinois,De Witt,10814,6,0
1860,Illinois,Douglas,7109,31,0
1860,Illinois,Dupage,14696,5,0
1860,Illinois,Edgar,16888,37,0
1860,Illinois,Edwards,5379,75,0
1860,Illinois,Effingham,7805,11,0
1860,Illinois,Fayette,11146,43,0
1860,Illinois,Ford,1979,0,0
1860,Illinois,Franklin,9367,26,0
1860,Illinois,Fulton,33289,49,0
1860,Illinois,Gallatin,7629,426,0
1860,Illinois,Greene,16067,26,0
1860,Illinois,Grundy,10362,7,0
1860,Illinois,Hamilton,9849,66,0
1860,Illinois,Hancock,29040,20,0
1860,Illinois,Hardin,3704,55,0
1860,Illinois,Henderson,9499,2,0
1860,Illinois,Henry,20658,2,0
1860,Illinois,Iroquois,12285,40,0
1860,Illinois,Jackson,9560,29,0
1860,Illinois,Jasper,8350,14,0
1860,Illinois,Jefferson,12931,34,0
1860,Illinois,Jersey,11942,109,0
1860,Illinois,Jo Daviess,27147,178,0
1860,Illinois,Johnson,9306,36,0
1860,Illinois,Kane,30024,38,0
1860,Illinois,Kankakee,15393,19,0
1860,Illinois,Kendall,13073,1,0
1860,Illinois,Knox,28512,151,0
1860,Illinois,Lake,18248,9,0
1860,Illinois,La Salle,48272,60,0
1860,Illinois,Lawrence,8976,238,0
1860,Illinois,Lee,17643,8,0
1860,Illinois,Livingston,11632,5,0
1860,Illinois,Logan,14247,25,0
1860,Illinois,McDonough,20061,8,0
1860,Illinois,McHenry,22085,4,0
1860,Illinois,McLean,28580,192,0
1860,Illinois,Macon,13655,83,0
1860,Illinois,Macoupin,24504,98,0
1860,Illinois,Madison,30679,562,0
1860,Illinois,Marion,12730,9,0
1860,Illinois,Marshall,13437,0,0
1860,Illinois,Mason,10929,2,0
1860,Illinois,Massac,6101,112,0
1860,Illinois,Menard,9577,7,0
1860,Illinois,Mercer,15037,5,0
1860,Illinois,Monroe,12815,17,0
1860,Illinois,Montgomery,13881,98,0
1860,Illinois,Morgan,21937,175,0
1860,Illinois,Moultrie,6384,1,0
1860,Illinois,Ogle,22863,25,0
1860,Illinois,Peoria,36475,126,0
1860,Illinois,Perry,9508,44,0
1860,Illinois,Piatt,6124,3,0
1860,Illinois,Pike,27182,67,0
1860,Illinois,Pope,6546,196,0
1860,Illinois,Pulaski,3904,39,0
1860,Illinois,Putnam,5579,8,0
1860,Illinois,Randolph,16766,439,0
1860,Illinois,Richland,9709,2,0
1860,Illinois,Rock Island,20981,24,0
1860,Illinois,St Clair,37169,525,0
1860,Illinois,Saline,9152,170,0
1860,Illinois,Sangamon,31963,311,0
1860,Illinois,Schuyler,14670,14,0
1860,Illinois,Scott,9047,22,0
1860,Illinois,Shelby,14590,23,0
1860,Illinois,Stark,9003,1,0
1860,Illinois,Stephenson,25112,0,0
1860,Illinois,Tazewell,21427,43,0
1860,Illinois,Union,11145,36,0
1860,Illinois,Vermilion,19779,21,0
1860,Illinois,Wabash,7233,80,0
1860,Illinois,Warren,18293,43,0
1860,Illinois,Washington,13725,6,0
1860,Illinois,Wayne,12222,1,0
1860,Illinois,White,12274,129,0
1860,Illinois,Whiteside,18727,8,0
1860,Illinois,Will,29264,57,0
1860,Illinois,Williamson,12087,118,0
1860,Illinois,Winnebago,24457,34,0
1860,Illinois,Woodford,13281,1,0
1860,Indiana,Adams,9246,6,0
1860,Indiana,Allen,29243,63,0
1860,Indiana,Bartholomew,17858,7,0
1860,Indiana,Benton,2809,0,0
1860,Indiana,Blackford,4122,0,0
1860,Indiana,Boone,16663,90,0
1860,Indiana,Brown,6503,0,0
1860,Indiana,Carroll,13476,13,0
1860,Indiana,Cass,16770,65,0
1860,Indiana,Clark,19982,520,0
1860,Indiana,Clay,12139,22,0
1860,Indiana,Clinton,14485,20,0
1860,Indiana,Crawford,8226,0,0
1860,Indiana,Daviess,13249,74,0
1860,Indiana,Dearborn,24332,74,0
1860,Indiana,Decatur,17270,24,0
1860,Indiana,DeKalb,13865,15,0
1860,Indiana,Delaware,15737,16,0
1860,Indiana,Dubois,10382,12,0
1860,Indiana,Elkhart,20966,20,0
1860,Indiana,Fayette,10138,87,0
1860,Indiana,Floyd,19426,757,0
1860,Indiana,Fountain,15493,73,0
1860,Indiana,Franklin,19446,103,0
1860,Indiana,Fulton,9416,6,0
1860,Indiana,Gibson,14258,274,0
1860,Indiana,Grant,15412,384,0
1860,Indiana,Greene,15962,79,0
1860,Indiana,Hamilton,16960,350,0
1860,Indiana,Hancock,12709,93,0
1860,Indiana,Harrison,18407,114,0
1860,Indiana,Hendricks,16908,45,0
1860,Indiana,Henry,19836,283,0
1860,Indiana,Howard,12359,165,0
1860,Indiana,Huntington,14865,2,0
1860,Indiana,Jackson,16107,179,0
1860,Indiana,Jasper,4286,5,0
1860,Indiana,Jay,11378,21,0
1860,Indiana,Jefferson,24524,512,0
1860,Indiana,Jennings,14598,151,0
1860,Indiana,Johnson,14835,19,0
1860,Indiana,Knox,15607,449,0
1860,Indiana,Kosciusko,17416,2,0
1860,Indiana,Lagrange,11350,16,0
1860,Indiana,Lake,9140,5,0
1860,Indiana,LaPorte,22784,135,0
1860,Indiana,Lawrence,13574,118,0
1860,Indiana,Madison,16458,60,0
1860,Indiana,Marion,39030,825,0
1860,Indiana,Marshall,12719,3,0
1860,Indiana,Martin,8923,52,0
1860,Indiana,Miami,16631,47,0
1860,Indiana,Monroe,12822,25,0
1860,Indiana,Montgomery,20738,150,0
1860,Indiana,Morgan,16003,107,0
1860,Indiana,Newton,2360,0,0
1860,Indiana,Noble,14907,8,0
1860,Indiana,Ohio,5439,23,0
1860,Indiana,Orange,11816,260,0
1860,Indiana,Owen,14291,85,0
1860,Indiana,Parke,15342,196,0
1860,Indiana,Perry,11844,3,0
1860,Indiana,Pike,10064,14,0
1860,Indiana,Porter,10296,17,0
1860,Indiana,Posey,16031,136,0
1860,Indiana,Pulaski,5711,0,0
1860,Indiana,Putnam,20662,19,0
1860,Indiana,Randolph,18172,825,0
1860,Indiana,Ripley,18967,87,0
1860,Indiana,Rush,15774,419,0
1860,Indiana,St Joseph,18338,88,0
1860,Indiana,Scott,7301,2,0
1860,Indiana,Shelby,19548,21,0
1860,Indiana,Spencer,14554,2,0
1860,Indiana,Starke,2194,1,0
1860,Indiana,Steuben,10372,2,0
1860,Indiana,Sullivan,14944,120,0
1860,Indiana,Switzerland,12656,42,0
1860,Indiana,Tippecanoe,25582,143,0
1860,Indiana,Tipton,8135,35,0
1860,Indiana,Union,7063,40,0
1860,Indiana,Vanderburgh,20425,127,0
1860,Indiana,Vermillion,9392,30,0
1860,Indiana,Vigo,21811,706,0
1860,Indiana,Wabash,17469,33,0
1860,Indiana,Warren,10040,17,0
1860,Indiana,Warrick,13242,19,0
1860,Indiana,Washington,17722,187,0
1860,Indiana,Wayne,28688,870,0
1860,Indiana,Wells,10843,1,0
1860,Indiana,White,8237,21,0
1860,Indiana,Whitley,10637,92,0
1860,Iowa,Adair,984,0,0
1860,Iowa,Adams,1533,0,0
1860,Iowa,Allamakee,12231,6,0
1860,Iowa,Appanoose,11918,13,0
1860,Iowa,Audubon,454,0,0
1860,Iowa,Benton,8495,1,0
1860,Iowa,Black Hawk,8226,18,0
1860,Iowa,Boone,4232,0,0
1860,Iowa,Bremer,4910,5,0
1860,Iowa,Buchanan,7904,2,0
1860,Iowa,Buena Vista,57,0,0
1860,Iowa,Buncombe,,,
1860,Iowa,Butler,3723,1,0
1860,Iowa,Calhoun,147,0,0
1860,Iowa,Carroll,281,0,0
1860,Iowa,Cass,1612,0,0
1860,Iowa,Cedar,12937,12,0
1860,Iowa,Cerro Gordo,940,0,0
1860,Iowa,Cherokee,58,0,0
1860,Iowa,Chickasaw,4331,5,0
1860,Iowa,Clarke,5427,0,0
1860,Iowa,Clay,52,0,0
1860,Iowa,Clayton,20703,25,0
1860,Iowa,Clinton,18925,13,0
1860,Iowa,Crawford,383,0,0
1860,Iowa,Dallas,5244,0,0
1860,Iowa,Davis,13762,2,0
1860,Iowa,Decatur,8670,7,0
1860,Iowa,Delaware,11023,1,0
1860,Iowa,Des Moines,19583,28,0
1860,Iowa,Dickinson,180,0,0
1860,Iowa,Dubuque,31083,81,0
1860,Iowa,Emmet,105,0,0
1860,Iowa,Fayette,12019,54,0
1860,Iowa,Floyd,3744,0,0
1860,Iowa,Franklin,1309,0,0
1860,Iowa,Fremont,5069,5,0
1860,Iowa,Greene,1374,0,0
1860,Iowa,Grundy,793,0,0
1860,Iowa,Guthrie,3058,0,0
1860,Iowa,Hamilton,1699,0,0
1860,Iowa,Hancock,179,0,0
1860,Iowa,Hardin,5440,0,0
1860,Iowa,Harrison,3620,1,0
1860,Iowa,Henry,18677,24,0
1860,Iowa,Howard,3167,1,0
1860,Iowa,Humboldt,332,0,0
1860,Iowa,Ida,43,0,0
1860,Iowa,Iowa,8029,0,0
1860,Iowa,Jackson,18482,11,0
1860,Iowa,Jasper,9882,1,0
1860,Iowa,Jefferson,15030,8,0
1860,Iowa,Johnson,17535,38,0
1860,Iowa,Jones,13299,7,0
1860,Iowa,Keokuk,13271,0,0
1860,Iowa,Kossuth,416,0,0
1860,Iowa,Lee,28987,245,0
1860,Iowa,Linn,18936,11,0
1860,Iowa,Louisa,10276,94,0
1860,Iowa,Lucas,5764,2,0
1860,Iowa,Madison,7339,0,0
1860,Iowa,Mahaska,14800,16,0
1860,Iowa,Marion,16780,33,0
1860,Iowa,Marshall,6015,0,0
1860,Iowa,Mills,4462,16,0
1860,Iowa,Mitchell,3409,0,0
1860,Iowa,Monona,828,1,0
1860,Iowa,Monroe,8610,2,0
1860,Iowa,Montgomery,1245,0,0
1860,Iowa,Muscatine,16332,112,0
1860,Iowa,O Brien,8,0,0
1860,Iowa,Osceola,,,
1860,Iowa,Page,4418,1,0
1860,Iowa,Palo Alto,132,0,0
1860,Iowa,Plymouth,138,0,0
1860,Iowa,Pocahontas,103,0,0
1860,Iowa,Polk,11612,13,0
1860,Iowa,Pottawattamie,4959,9,0
1860,Iowa,Poweshiek,5661,7,0
1860,Iowa,Ringgold,2922,1,0
1860,Iowa,Sac,246,0,0
1860,Iowa,Scott,25920,39,0
1860,Iowa,Shelby,817,1,0
1860,Iowa,Sioux,10,0,0
1860,Iowa,Story,4051,0,0
1860,Iowa,Tama,5285,0,0
1860,Iowa,Taylor,3590,0,0
1860,Iowa,Union,2012,0,0
1860,Iowa,Van Buren,17077,4,0
1860,Iowa,Wapello,14471,47,0
1860,Iowa,Warren,10267,14,0
1860,Iowa,Washington,14222,13,0
1860,Iowa,Wayne,6398,11,0
1860,Iowa,Webster,2500,4,0
1860,Iowa,Winnebago,168,0,0
1860,Iowa,Winneshiek,13942,0,0
1860,Iowa,Woodbury,1078,3,0
1860,Iowa,Worth,756,0,0
1860,Iowa,Wright,653,0,0
1860,Kansas Territory,Allen,3079,3,0
1860,Kansas Territory,Anderson,2398,0,2
1860,Kansas Territory,Arapahoe,34231,46,0
1860,Kansas Territory,Atchison,7693,36,0
1860,Kansas Territory,Bourbon,6035,65,0
1860,Kansas Territory,Breckinridge,3197,0,0
1860,Kansas Territory,Brown,2607,0,0
1860,Kansas Territory,Butler,432,5,0
1860,Kansas Territory,Chase,808,0,0
1860,Kansas Territory,Clay,163,0,0
1860,Kansas Territory,Coffey,2842,0,0
1860,Kansas Territory,Davis,1162,1,0
1860,Kansas Territory,Dickinson,378,0,0
1860,Kansas Territory,Doniphan,8026,41,0
1860,Kansas Territory,Dorn,88,0,0
1860,Kansas Territory,Douglas,8633,4,0
1860,Kansas Territory,Franklin,3030,0,0
1860,Kansas Territory,Godfrey,19,0,0
1860,Kansas Territory,Greenwood,759,0,0
1860,Kansas Territory,Hunter,150,8,0
1860,Kansas Territory,Jackson,1936,0,0
1860,Kansas Territory,Jefferson,4439,20,0
1860,Kansas Territory,Johnson,4364,0,0
1860,Kansas Territory,Leavenworth,12311,295,0
1860,Kansas Territory,Linn,6313,1,0
1860,Kansas Territory,McGhee,1428,66,0
1860,Kansas Territory,Madison,636,0,0
1860,Kansas Territory,Marion,74,0,0
1860,Kansas Territory,Marshall,2280,0,0
1860,Kansas Territory,Miami/Lykins,4978,0,0
1860,Kansas Territory,Morris,770,0,0
1860,Kansas Territory,Nemaha,2436,0,0
1860,Kansas Territory,Osage,1113,0,0
1860,Kansas Territory,Otoe,214,24,0
1860,Kansas Territory,Pottawatomie,1529,0,0
1860,Kansas Territory,Riley,1224,0,0
1860,Kansas Territory,Shawnee,3505,8,0
1860,Kansas Territory,Wabaunsee,1023,0,0
1860,Kansas Territory,Washington,383,0,0
1860,Kansas Territory,Wilson,27,0,0
1860,Kansas Territory,Woodson,1488,0,0
1860,Kansas Territory,Wyandotte,2420,48,0
1860,Kentucky,Adair,7847,60,1602
1860,Kentucky,Allen,7625,40,1522
1860,Kentucky,Anderson,6033,14,1357
1860,Kentucky,Ballard,6943,31,1718
1860,Kentucky,Barren,12539,48,4078
1860,Kentucky,Bath,9472,141,2500
1860,Kentucky,Boone,9403,48,1745
1860,Kentucky,Bourbon,7793,300,6767
1860,Kentucky,Boyd,5871,17,156
1860,Kentucky,Boyle,5590,435,3279
1860,Kentucky,Bracken,10188,83,750
1860,Kentucky,Breathitt,4750,25,190
1860,Kentucky,Breckinridge,10879,17,2340
1860,Kentucky,Bullitt,5815,16,1458
1860,Kentucky,Butler,7132,25,770
1860,Kentucky,Caldwell,6873,39,2406
1860,Kentucky,Calloway,8409,14,1492
1860,Kentucky,Campbell,20701,88,116
1860,Kentucky,Carroll,5491,42,1045
1860,Kentucky,Carter,8170,37,309
1860,Kentucky,Casey,5743,57,666
1860,Kentucky,Christian,11619,57,9951
1860,Kentucky,Clark,6598,124,4762
1860,Kentucky,Clay,6041,262,349
1860,Kentucky,Clinton,5503,20,258
1860,Kentucky,Crittenden,7838,19,939
1860,Kentucky,Cumberland,5874,53,1413
1860,Kentucky,Daviess,11958,76,3515
1860,Kentucky,Edmonson,4361,11,273
1860,Kentucky,Estill,6363,16,507
1860,Kentucky,Fayette,11899,685,10015
1860,Kentucky,Fleming,10359,112,2018
1860,Kentucky,Floyd,6168,73,147
1860,Kentucky,Franklin,8860,450,3384
1860,Kentucky,Fulton,4220,19,1078
1860,Kentucky,Gallatin,4334,14,708
1860,Kentucky,Garrard,6857,96,3578
1860,Kentucky,Grant,7630,30,696
1860,Kentucky,Graves,13386,2,2845
1860,Kentucky,Grayson,7628,3,351
1860,Kentucky,Green,6323,111,2372
1860,Kentucky,Greenup,8350,47,363
1860,Kentucky,Hancock,5382,13,818
1860,Kentucky,Hardin,12626,33,2530
1860,Kentucky,Harlan,5352,15,127
1860,Kentucky,Harrison,10341,149,3289
1860,Kentucky,Hart,8878,75,1395
1860,Kentucky,Henderson,8405,77,5767
1860,Kentucky,Henry,8602,36,3311
1860,Kentucky,Hickman,5739,20,1249
1860,Kentucky,Hopkins,9836,30,2009
1860,Kentucky,Jackson,3059,21,7
1860,Kentucky,Jefferson,77093,2007,10304
1860,Kentucky,Jessamine,5671,96,3698
1860,Kentucky,Johnson,5260,19,27
1860,Kentucky,Kenton,24815,85,567
1860,Kentucky,Knox,7034,184,489
1860,Kentucky,Larue,5987,4,900
1860,Kentucky,Laurel,5301,1,186
1860,Kentucky,Lawrence,7443,12,146
1860,Kentucky,Letcher,3787,9,108
1860,Kentucky,Lewis,8114,17,230
1860,Kentucky,Lincoln,7059,158,3430
1860,Kentucky,Livingston,5955,36,1222
1860,Kentucky,Logan,12295,370,6356
1860,Kentucky,Lyon,4167,46,1094
1860,Kentucky,McCracken,8554,68,1738
1860,Kentucky,McLean,5227,29,888
1860,Kentucky,Madison,11025,148,6034
1860,Kentucky,Magoffin,3338,76,71
1860,Kentucky,Marion,9004,110,3479
1860,Kentucky,Marshall,6596,35,351
1860,Kentucky,Mason,14065,385,3772
1860,Kentucky,Meade,6944,22,1932
1860,Kentucky,Mercer,10149,278,3274
1860,Kentucky,Metcalfe,5914,50,781
1860,Kentucky,Monroe,7612,17,922
1860,Kentucky,Montgomery,4967,140,2752
1860,Kentucky,Morgan,8986,81,170
1860,Kentucky,Muhlenberg,9101,40,1584
1860,Kentucky,Nelson,10160,109,5530
1860,Kentucky,Nicholas,9261,155,1614
1860,Kentucky,Ohio,10888,29,1292
1860,Kentucky,Oldham,4815,37,2431
1860,Kentucky,Owen,10989,70,1660
1860,Kentucky,Owsley,5205,18,112
1860,Kentucky,Pendleton,9977,42,424
1860,Kentucky,Perry,3863,14,73
1860,Kentucky,Pike,7247,40,97
1860,Kentucky,Powell,2108,24,125
1860,Kentucky,Pulaski,15819,52,1330
1860,Kentucky,Rockcastle,4946,40,357
1860,Kentucky,Rowan,2139,1,142
1860,Kentucky,Russell,5453,12,559
1860,Kentucky,Scott,8441,232,5744
1860,Kentucky,Shelby,9634,165,6634
1860,Kentucky,Simpson,5743,96,2307
1860,Kentucky,Spencer,3974,9,2205
1860,Kentucky,Taylor,5755,129,1597
1860,Kentucky,Todd,6681,45,4849
1860,Kentucky,Trigg,7562,41,3448
1860,Kentucky,Trimble,5044,5,831
1860,Kentucky,Union,9666,20,3105
1860,Kentucky,Warren,11799,203,5318
1860,Kentucky,Washington,8707,46,2822
1860,Kentucky,Wayne,9244,28,987
1860,Kentucky,Webster,6417,33,1083
1860,Kentucky,Whitley,7552,26,183
1860,Kentucky,Woodford,5276,114,5829
1860,Louisiana,Ascension,3940,168,7376
1860,Louisiana,Assumption,7189,94,8096
1860,Louisiana,Avoyelles,5904,74,7185
1860,Louisiana,Bienville,5900,100,5000
1860,Louisiana,Bossier,3348,0,8000
1860,Louisiana,Caddo,4733,69,7338
1860,Louisiana,Calcasieu,4451,305,1171
1860,Louisiana,Caldwell,2888,0,1945
1860,Louisiana,Carroll,4124,20,13908
1860,Louisiana,Catahoula,5492,46,6113
1860,Louisiana,Claiborne,8996,4,7848
1860,Louisiana,Concordia,1242,21,12542
1860,Louisiana,De Soto,4777,14,8507
1860,Louisiana,East Baton Rouge,6944,532,8570
1860,Louisiana,East Feliciana,4081,23,10593
1860,Louisiana,Franklin,2758,2,3402
1860,Louisiana,Iberville,3793,188,10680
1860,Louisiana,Jackson,5367,0,4098
1860,Louisiana,Jefferson,9964,287,5120
1860,Louisiana,Lafayette,4307,231,4463
1860,Louisiana,Lafourche,7500,149,6395
1860,Louisiana,Livingston,3120,0,1311
1860,Louisiana,Madison,1640,16,12477
1860,Louisiana,Morehouse,3784,4,6569
1860,Louisiana,Natchitoches,6304,959,9434
1860,Louisiana,Orleans,149063,10939,14484
1860,Louisiana,Ouachita,1887,0,2840
1860,Louisiana,Plaquemines,2595,514,5385
1860,Louisiana,Pointe Coupee,4094,721,12903
1860,Louisiana,Rapides,9711,291,15358
1860,Louisiana,Sabine,4115,0,1713
1860,Louisiana,St Bernard,1771,65,2240
1860,Louisiana,St Charles,938,177,4182
1860,Louisiana,St Helena,3413,6,3711
1860,Louisiana,St James,3348,61,8090
1860,Louisiana,St John The Baptist,3037,299,4594
1860,Louisiana,St Landry,10703,965,11436
1860,Louisiana,St Martin,4984,311,7358
1860,Louisiana,St Mary,3475,251,13057
1860,Louisiana,St Tammany,3153,412,1841
1860,Louisiana,Tensas,1479,7,14592
1860,Louisiana,Terrebonne,5131,72,6785
1860,Louisiana,Union,6641,3,3745
1860,Louisiana,Vermilion,3001,7,1316
1860,Louisiana,Washington,2996,22,1690
1860,Louisiana,West Baton Rouge,1859,113,5340
1860,Louisiana,West Feliciana,2036,64,9571
1860,Louisiana,Winn,5480,41,1354
1860,Maine,Androscoggin,29715,11,0
1860,Maine,Aroostook,22453,26,0
1860,Maine,Cumberland,75116,475,0
1860,Maine,Franklin,20398,5,0
1860,Maine,Hancock,37717,40,0
1860,Maine,Kennebec,55511,144,0
1860,Maine,Knox,32586,130,0
1860,Maine,Lincoln,27814,46,0
1860,Maine,Oxford,36696,2,0
1860,Maine,Penobscot,72632,99,0
1860,Maine,Piscataquis,15032,0,0
1860,Maine,Sagadahoc,21702,83,0
1860,Maine,Somerset,36738,15,0
1860,Maine,Waldo,38423,24,0
1860,Maine,Washington,42360,174,0
1860,Maine,York,62054,53,0
1860,Maryland,Allegany,27215,467,666
1860,Maryland,Anne Arundel,11704,4864,7332
1860,Maryland,Baltimore,46722,4231,3182
1860,Maryland,Calvert,3997,1841,4609
1860,Maryland,Caroline,7604,2786,739
1860,Maryland,Carroll,22525,1225,783
1860,Maryland,Cecil,19994,2918,950
1860,Maryland,Charles,5796,1068,9653
1860,Maryland,Dorchester,11654,4684,4123
1860,Maryland,Frederick,38391,4957,3243
1860,Maryland,Harford,17971,3644,1800
1860,Maryland,Howard,9081,1395,2862
1860,Maryland,Kent,7347,3411,2509
1860,Maryland,Montgomery,11349,1552,5421
1860,Maryland,Prince Georges,9650,1198,12479
1860,Maryland,Queen Anne's,8415,3372,4174
1860,Maryland,St Mary's,6798,1866,6549
1860,Maryland,Somerset,15332,4571,5089
1860,Maryland,Talbot,8106,2964,3725
1860,Maryland,Washington,28305,1677,1435
1860,Maryland,Worcester,13442,3571,3648
1860,Maryland,Baltimore City,184520,25680,2218
1860,Massachusetts,Barnstable,35890,100,0
1860,Massachusetts,Berkshire,53910,1210,0
1860,Massachusetts,Bristol,91858,1936,0
1860,Massachusetts,Dukes,4385,18,0
1860,Massachusetts,Essex,164952,659,0
1860,Massachusetts,Franklin,31370,64,0
1860,Massachusetts,Hampden,56883,483,0
1860,Massachusetts,Hampshire,37569,254,0
1860,Massachusetts,Middlesex,215458,896,0
1860,Massachusetts,Nantucket,5966,128,0
1860,Massachusetts,Norfolk,109702,248,0
1860,Massachusetts,Plymouth,64329,439,0
1860,Massachusetts,Suffolk,190279,2398,0
1860,Massachusetts,Worcester,158881,769,0
1860,Michigan,Alcona,185,0,0
1860,Michigan,Allegan,15923,58,0
1860,Michigan,Alpena,290,0,0
1860,Michigan,Antrim,178,0,0
1860,Michigan,Barry,13785,58,0
1860,Michigan,Bay,3106,6,0
1860,Michigan,Berrien,21931,410,0
1860,Michigan,Branch,20948,33,0
1860,Michigan,Calhoun,29180,376,0
1860,Michigan,Cass,16291,1368,0
1860,Michigan,Cheboygan,393,0,0
1860,Michigan,Chippewa,1351,8,0
1860,Michigan,Clinton,13902,14,0
1860,Michigan,Delta,1052,0,0
1860,Michigan,Eaton,16454,16,0
1860,Michigan,Emmet,123,0,0
1860,Michigan,Genesee,22407,44,0
1860,Michigan,Gladwin,14,0,0
1860,Michigan,Grand Traverse,1243,0,0
1860,Michigan,Gratiot,4024,9,0
1860,Michigan,Hillsdale,25642,33,0
1860,Michigan,Houghton,8893,62,0
1860,Michigan,Huron,3164,1,0
1860,Michigan,Ingham,17398,37,0
1860,Michigan,Ionia,16612,30,0
1860,Michigan,Iosco,175,0,0
1860,Michigan,Isabella,595,0,0
1860,Michigan,Jackson,26486,185,0
1860,Michigan,Kalamazoo,24327,319,0
1860,Michigan,Kent,30590,125,0
1860,Michigan,Lapeer,14685,52,0
1860,Michigan,Leelanau,1527,3,0
1860,Michigan,Lenawee,37861,243,0
1860,Michigan,Livingston,16825,26,0
1860,Michigan,Macomb,22780,63,0
1860,Michigan,Manistee,971,4,0
1860,Michigan,Manitou,862,0,0
1860,Michigan,Marquette,2734,60,0
1860,Michigan,Mason,419,1,0
1860,Michigan,Mecosta,965,5,0
1860,Michigan,Michilimackinac,1011,20,0
1860,Michigan,Midland,786,1,0
1860,Michigan,Monroe,21564,29,0
1860,Michigan,Montcalm,3957,11,0
1860,Michigan,Muskegon,3923,24,0
1860,Michigan,Newaygo,2661,50,0
1860,Michigan,Oakland,37952,309,0
1860,Michigan,Oceana,1236,10,0
1860,Michigan,Ontonagon,4544,24,0
1860,Michigan,Osceola,27,0,0
1860,Michigan,Ottawa,13167,43,0
1860,Michigan,Presque Isle,26,0,0
1860,Michigan,Saginaw,12557,38,0
1860,Michigan,St Clair,26551,53,0
1860,Michigan,St Joseph,21200,62,0
1860,Michigan,Sanilac,7599,0,0
1860,Michigan,Schoolcraft,52,4,0
1860,Michigan,Shiawassee,12334,14,0
1860,Michigan,Tuscola,4882,0,0
1860,Michigan,Van Buren,14901,151,0
1860,Michigan,Washtenaw,35049,634,0
1860,Michigan,Wayne,73872,1673,0
1860,Minnesota,Aitkin,2,0,0
1860,Minnesota,Anoka,2106,0,0
1860,Minnesota,Becker,77,0,0
1860,Minnesota,Benton,626,0,0
1860,Minnesota,Blue Earth,4802,1,0
1860,Minnesota,Breckinridge,72,0,0
1860,Minnesota,Brown,2258,0,0
1860,Minnesota,Buchanan,26,0,0
1860,Minnesota,Carlton,51,0,0
1860,Minnesota,Carver,5106,0,0
1860,Minnesota,Cass,62,13,0
1860,Minnesota,Chisago,1729,12,0
1860,Minnesota,Cottonwood,12,0,0
1860,Minnesota,Crow Wing,189,0,0
1860,Minnesota,Dakota,9052,39,0
1860,Minnesota,Dodge,3797,0,0
1860,Minnesota,Douglas,195,0,0
1860,Minnesota,Faribault,1335,0,0
1860,Minnesota,Fillmore,13542,0,0
1860,Minnesota,Freeborn,3367,0,0
1860,Minnesota,Goodhue,8971,6,0
1860,Minnesota,Hennepin,12835,13,0
1860,Minnesota,Houston,6645,0,0
1860,Minnesota,Isanti,284,0,0
1860,Minnesota,Itasca,7,1,0
1860,Minnesota,Jackson,181,0,0
1860,Minnesota,Kanabec,30,0,0
1860,Minnesota,Kandiyohi,76,0,0
1860,Minnesota,Lake,248,0,0
1860,Minnesota,Le Sueur,5278,20,0
1860,Minnesota,McLeod,1286,0,0
1860,Minnesota,Manomin,135,1,0
1860,Minnesota,Martin,151,0,0
1860,Minnesota,Meeker,928,0,0
1860,Minnesota,Mille Lacs,70,2,0
1860,Minnesota,Monongalia,350,0,0
1860,Minnesota,Morrison,587,1,0
1860,Minnesota,Mower,3216,1,0
1860,Minnesota,Murray,29,0,0
1860,Minnesota,Nicollet,3712,1,0
1860,Minnesota,Nobles,35,0,0
1860,Minnesota,Olmsted,9524,0,0
1860,Minnesota,Otter Tail,178,0,0
1860,Minnesota,Pembina,338,0,0
1860,Minnesota,Pierce,10,0,0
1860,Minnesota,Pine,75,16,0
1860,Minnesota,Pipestone (old),23,0,0
1860,Minnesota,Polk,146,0,0
1860,Minnesota,Ramsey,12080,70,0
1860,Minnesota,Renville,240,0,0
1860,Minnesota,Rice,7532,11,0
1860,Minnesota,St Louis,262,0,0
1860,Minnesota,Scott,4594,0,0
1860,Minnesota,Sherburne,723,0,0
1860,Minnesota,Sibley,3609,0,0
1860,Minnesota,Stearns,4502,3,0
1860,Minnesota,Steele,2863,0,0
1860,Minnesota,Todd,430,0,0
1860,Minnesota,Toombs,40,0,0
1860,Minnesota,Wabasha,7214,14,0
1860,Minnesota,Waseca,2598,1,0
1860,Minnesota,Washington,6043,7,0
1860,Minnesota,Winona,9189,19,0
1860,Minnesota,Wright,3722,7,0
1860,Mississippi,Adams,5648,225,14292
1860,Mississippi,Amite,4427,9,7900
1860,Mississippi,Attala,9142,10,5015
1860,Mississippi,Bolivar,1393,0,9078
1860,Mississippi,Calhoun,7695,0,1823
1860,Mississippi,Carroll,8214,13,13808
1860,Mississippi,Chickasaw,7338,1,9087
1860,Mississippi,Choctaw,11525,0,4197
1860,Mississippi,Claiborne,3339,44,12296
1860,Mississippi,Clarke,5692,3,5076
1860,Mississippi,Coahoma,1521,0,5085
1860,Mississippi,Copiah,7432,1,7965
1860,Mississippi,Covington,2845,0,1563
1860,Mississippi,DeSoto,9349,0,13987
1860,Mississippi,Franklin,3498,15,4752
1860,Mississippi,Greene,1526,1,705
1860,Mississippi,Hancock,2282,0,857
1860,Mississippi,Harrison,3751,53,1015
1860,Mississippi,Hinds,8940,36,22363
1860,Mississippi,Holmes,5806,10,11975
1860,Mississippi,Issaquena,587,0,7244
1860,Mississippi,Itawamba,14156,11,3528
1860,Mississippi,Jackson,2955,80,1087
1860,Mississippi,Jasper,6453,5,4549
1860,Mississippi,Jefferson,2918,35,12396
1860,Mississippi,Jones,2916,0,407
1860,Mississippi,Kemper,5936,5,5741
1860,Mississippi,Lafayette,8989,7,7129
1860,Mississippi,Lauderdale,8224,1,5088
1860,Mississippi,Lawrence,5513,4,3696
1860,Mississippi,Leake,6266,2,3056
1860,Mississippi,Lowndes,6891,4,16730
1860,Mississippi,Madison,5260,4,18118
1860,Mississippi,Marion,2500,1,2185
1860,Mississippi,Marshall,11376,8,17439
1860,Mississippi,Monroe,8545,9,12729
1860,Mississippi,Neshoba,6131,0,2212
1860,Mississippi,Newton,6279,3,3379
1860,Mississippi,Noxubee,5171,0,15496
1860,Mississippi,Oktibbeha,5328,18,7631
1860,Mississippi,Panola,5237,0,8557
1860,Mississippi,Perry,1858,10,738
1860,Mississippi,Pike,6174,26,4935
1860,Mississippi,Pontotoc,14513,4,7596
1860,Mississippi,Rankin,6530,2,7103
1860,Mississippi,Scott,5180,0,2959
1860,Mississippi,Simpson,3744,12,2324
1860,Mississippi,Smith,5435,8,2195
1860,Mississippi,Sunflower,1102,0,3917
1860,Mississippi,Tallahatchie,2835,1,5054
1860,Mississippi,Tippah,16206,13,6331
1860,Mississippi,Tishomingo,19159,9,4981
1860,Mississippi,Tunica,883,0,3483
1860,Mississippi,Warren,6896,37,13763
1860,Mississippi,Washington,1212,0,14467
1860,Mississippi,Wayne,1744,0,1947
1860,Mississippi,Wilkinson,2779,22,13132
1860,Mississippi,Winston,5583,5,4223
1860,Mississippi,Yalobusha,7415,6,9531
1860,Mississippi,Yazoo,5657,0,16716
1860,Missouri,Adair,8436,9,86
1860,Missouri,Andrew,10949,21,880
1860,Missouri,Atchison,4578,12,59
1860,Missouri,Audrain,6909,0,1166
1860,Missouri,Barry,7738,10,247
1860,Missouri,Barton,1796,0,21
1860,Missouri,Bates,6765,8,442
1860,Missouri,Benton,8460,13,599
1860,Missouri,Bollinger,7126,0,245
1860,Missouri,Boone,14399,53,5034
1860,Missouri,Buchanan,21799,51,2011
1860,Missouri,Butler,2837,2,52
1860,Missouri,Caldwell,4810,2,222
1860,Missouri,Callaway,12895,31,4523
1860,Missouri,Camden,4769,0,206
1860,Missouri,Cape Girardeau,13961,53,1533
1860,Missouri,Carroll,8692,3,1068
1860,Missouri,Carter,1200,15,20
1860,Missouri,Cass,8781,3,1010
1860,Missouri,Cedar,6420,6,211
1860,Missouri,Chariton,9672,51,2839
1860,Missouri,Christian,5262,0,229
1860,Missouri,Clark,11216,13,455
1860,Missouri,Clay,9525,43,3455
1860,Missouri,Clinton,6685,19,1144
1860,Missouri,Cole,8645,65,987
1860,Missouri,Cooper,13528,28,3800
1860,Missouri,Crawford,5640,1,182
1860,Missouri,Dade,6721,5,346
1860,Missouri,Dallas,5777,1,114
1860,Missouri,Daviess,9248,0,358
1860,Missouri,DeKalb,5081,6,137
1860,Missouri,Dent,5498,0,156
1860,Missouri,Douglas,2414,0,0
1860,Missouri,Dunklin,4855,0,171
1860,Missouri,Franklin,16465,19,1601
1860,Missouri,Gasconade,8641,9,76
1860,Missouri,Gentry,11862,0,118
1860,Missouri,Greene,11509,9,1668
1860,Missouri,Grundy,7596,6,285
1860,Missouri,Harrison,10601,0,25
1860,Missouri,Henry,8620,1,1245
1860,Missouri,Hickory,4503,7,195
1860,Missouri,Holt,6241,0,309
1860,Missouri,Howard,9986,74,5886
1860,Missouri,Howell,3133,0,36
1860,Missouri,Iron,5529,0,313
1860,Missouri,Jackson,18882,70,3944
1860,Missouri,Jasper,6533,15,335
1860,Missouri,Jefferson,9763,17,564
1860,Missouri,Johnson,12743,5,1896
1860,Missouri,Knox,8436,7,284
1860,Missouri,Laclede,4875,2,305
1860,Missouri,Lafayette,13688,36,6374
1860,Missouri,Lawrence,8559,3,284
1860,Missouri,Lewis,10983,24,1279
1860,Missouri,Lincoln,11347,23,2840
1860,Missouri,Linn,8509,26,577
1860,Missouri,Livingston,6812,0,605
1860,Missouri,McDonald,3957,9,72
1860,Missouri,Macon,13673,13,660
1860,Missouri,Madison,5179,18,467
1860,Missouri,Maries,4830,7,64
1860,Missouri,Marion,15732,89,3017
1860,Missouri,Mercer,9274,2,24
1860,Missouri,Miller,6572,2,238
1860,Missouri,Mississippi,3849,0,1010
1860,Missouri,Moniteau,9375,4,745
1860,Missouri,Monroe,11722,42,3021
1860,Missouri,Montgomery,8061,10,1647
1860,Missouri,Morgan,7545,8,649
1860,Missouri,New Madrid,3863,14,1777
1860,Missouri,Newton,8842,51,426
1860,Missouri,Nodaway,5123,2,127
1860,Missouri,Oregon,2983,0,26
1860,Missouri,Osage,7623,0,256
1860,Missouri,Ozark,2361,43,43
1860,Missouri,Pemiscot,2682,12,268
1860,Missouri,Perry,8366,23,739
1860,Missouri,Pettis,7504,6,1882
1860,Missouri,Phelps,5628,2,84
1860,Missouri,Pike,14302,60,4055
1860,Missouri,Platte,14981,56,3313
1860,Missouri,Polk,9468,15,512
1860,Missouri,Pulaski,3779,0,56
1860,Missouri,Putnam,9176,0,31
1860,Missouri,Ralls,6788,13,1791
1860,Missouri,Randolph,8777,11,2619
1860,Missouri,Ray,12038,7,2047
1860,Missouri,Reynolds,3135,0,38
1860,Missouri,Ripley,3666,3,78
1860,Missouri,St Charles,14313,29,2181
1860,Missouri,St Clair,6229,9,574
1860,Missouri,Ste Genevieve,7323,89,617
1860,Missouri,St Francois,6292,80,877
1860,Missouri,St Louis,184313,1865,4346
1860,Missouri,Saline,9800,23,4876
1860,Missouri,Schuyler,6658,0,39
1860,Missouri,Scotland,8742,0,131
1860,Missouri,Scott,4730,14,503
1860,Missouri,Shannon,2271,0,13
1860,Missouri,Shelby,6565,12,724
1860,Missouri,Stoddard,7659,3,215
1860,Missouri,Stone,2384,0,16
1860,Missouri,Sullivan,9095,1,102
1860,Missouri,Taney,3489,5,82
1860,Missouri,Texas,6009,2,56
1860,Missouri,Vernon,4711,2,136
1860,Missouri,Warren,7798,7,1034
1860,Missouri,Washington,8670,25,1028
1860,Missouri,Wayne,5361,7,261
1860,Missouri,Webster,6879,0,220
1860,Missouri,Wright,4441,0,66
1860,Nebraska Territory,Buffalo,114,0,0
1860,Nebraska Territory,Burt,388,0,0
1860,Nebraska Territory,Butler,27,0,0
1860,Nebraska Territory,Calhoun,41,0,0
1860,Nebraska Territory,Cass,3369,0,0
1860,Nebraska Territory,Cedar,243,3,0
1860,Nebraska Territory,Clay,165,0,0
1860,Nebraska Territory,Cuming,67,0,0
1860,Nebraska Territory,Dakota,806,13,0
1860,Nebraska Territory,Dawson,16,0,0
1860,Nebraska Territory,Dixon,247,0,0
1860,Nebraska Territory,Dodge,309,0,0
1860,Nebraska Territory,Douglas,4305,21,0
1860,Nebraska Territory,Gage,421,0,0
1860,Nebraska Territory,Greene,16,0,0
1860,Nebraska Territory,Hall,116,0,0
1860,Nebraska Territory,Johnson/Johnston,528,0,0
1860,Nebraska Territory,Jones,122,0,0
1860,Nebraska Territory,Kearney,465,4,5
1860,Nebraska Territory,Lancaster,153,0,0
1860,Nebraska Territory,L'Eau Qui Court,135,14,0
1860,Nebraska Territory,Merrick,107,0,0
1860,Nebraska Territory,Nemaha,3097,5,0
1860,Nebraska Territory,Nuckolls,22,0,0
1860,Nebraska Territory,Otoe,4194,4,10
1860,Nebraska Territory,Pawnee,882,0,0
1860,Nebraska Territory,Platte-Madison [multi-county reporting area],775,0,0
1860,Nebraska Territory,Polk,19,0,0
1860,Nebraska Territory,Richardson,2834,1,0
1860,Nebraska Territory,Saline,39,0,0
1860,Nebraska Territory,Sarpy,1199,0,0
1860,Nebraska Territory,Shorter,114,0,0
1860,Nebraska Territory,Unorganized Territory,2112,2,0
1860,Nebraska Territory,Washington,1249,0,0
1860,New Hampshire,Belknap,18510,39,0
1860,New Hampshire,Carroll,20465,0,0
1860,New Hampshire,Cheshire,27399,35,0
1860,New Hampshire,Coos,13154,7,0
1860,New Hampshire,Grafton,42237,23,0
1860,New Hampshire,Hillsborough,62033,107,0
1860,New Hampshire,Merrimack,41286,122,0
1860,New Hampshire,Rockingham,50025,97,0
1860,New Hampshire,Strafford,31462,31,0
1860,New Hampshire,Sullivan,19008,33,0
1860,New Jersey,Atlantic,11592,194,0
1860,New Jersey,Bergen,19955,1663,0
1860,New Jersey,Burlington,47506,2224,0
1860,New Jersey,Camden,31883,2574,0
1860,New Jersey,Cape May,6857,273,0
1860,New Jersey,Cumberland,21310,1295,0
1860,New Jersey,Essex,97120,1757,0
1860,New Jersey,Gloucester,17737,707,0
1860,New Jersey,Hudson,62064,653,0
1860,New Jersey,Hunterdon,32854,796,4
1860,New Jersey,Mercer,35194,2225,0
1860,New Jersey,Middlesex,33504,1307,1
1860,New Jersey,Monmouth,36688,2658,0
1860,New Jersey,Morris,33990,686,1
1860,New Jersey,Ocean,11052,124,0
1860,New Jersey,Passaic,28454,557,2
1860,New Jersey,Salem,19996,2462,0
1860,New Jersey,Somerset,20460,1588,9
1860,New Jersey,Sussex,23522,324,0
1860,New Jersey,Union,26915,865,0
1860,New Jersey,Warren,28046,386,1
1860,New Mexico Territory,Arizona,2421,21,0
1860,New Mexico Territory,Bernalillo,8574,9,0
1860,New Mexico Territory,Dona Ana,6239,0,0
1860,New Mexico Territory,Mora,5524,14,0
1860,New Mexico Territory,Rio Arriba,9329,0,0
1860,New Mexico Territory,San Miguel,13670,1,0
1860,New Mexico Territory,Santa Anna,1505,0,0
1860,New Mexico Territory,Santa Fe,7995,27,0
1860,New Mexico Territory,Socorro,5706,6,0
1860,New Mexico Territory,Taos,13479,7,0
1860,New Mexico Territory,Valencia,8482,0,0
1860,New York,Albany,112978,938,0
1860,New York,Allegany,41617,264,0
1860,New York,Broome,35442,464,0
1860,New York,Cattaraugus,43735,151,0
1860,New York,Cayuga,55316,451,0
1860,New York,Chautauqua,58213,205,0
1860,New York,Chemung,26345,572,0
1860,New York,Chenango,40671,263,0
1860,New York,Clinton,45607,128,0
1860,New York,Columbia,45792,1380,0
1860,New York,Cortland,26278,16,0
1860,New York,Delaware,42279,186,0
1860,New York,Dutchess,62890,2051,0
1860,New York,Erie,141093,878,0
1860,New York,Essex,28091,123,0
1860,New York,Franklin,30818,19,0
1860,New York,Fulton,23977,185,0
1860,New York,Genesee,32105,84,0
1860,New York,Greene,31111,819,0
1860,New York,Hamilton,3019,3,0
1860,New York,Herkimer,40309,251,0
1860,New York,Jefferson,69611,209,0
1860,New York,Kings,274123,4999,0
1860,New York,Lewis,28541,39,0
1860,New York,Livingston,39362,184,0
1860,New York,Madison,43160,300,0
1860,New York,Monroe,100081,567,0
1860,New York,Montgomery,30509,357,0
1860,New York,New York,801088,12574,0
1860,New York,Niagara,49882,517,0
1860,New York,Oneida,104563,638,0
1860,New York,Onondaga,90131,555,0
1860,New York,Ontario,43924,639,0
1860,New York,Orange,61700,2112,0
1860,New York,Orleans,28586,131,0
1860,New York,Oswego,75623,335,0
1860,New York,Otsego,49950,207,0
1860,New York,Putnam,13819,183,0
1860,New York,Queens,54004,3387,0
1860,New York,Rensselaer,85267,1058,0
1860,New York,Richmond,24833,659,0
1860,New York,Rockland,21943,549,0
1860,New York,St Lawrence,83628,59,0
1860,New York,Saratoga,51038,691,0
1860,New York,Schenectady,19758,241,0
1860,New York,Schoharie,33985,484,0
1860,New York,Schuyler,18740,100,0
1860,New York,Seneca,27925,213,0
1860,New York,Steuben,66214,475,0
1860,New York,Suffolk,41461,1798,0
1860,New York,Sullivan,32291,94,0
1860,New York,Tioga,28499,248,0
1860,New York,Tompkins,31112,297,0
1860,New York,Ulster,74772,1609,0
1860,New York,Warren,21376,58,0
1860,New York,Washington,45643,259,0
1860,New York,Wayne,47489,270,0
1860,New York,Westchester,97227,2270,0
1860,New York,Wyoming,31913,52,0
1860,New York,Yates,20133,157,0
1860,North Carolina,Alamance,7985,422,3445
1860,North Carolina,Alexander,5387,24,611
1860,North Carolina,Alleghany,3351,33,206
1860,North Carolina,Anson,6561,152,6951
1860,North Carolina,Ashe,7423,142,391
1860,North Carolina,Beaufort,8160,728,5878
1860,North Carolina,Bertie,5806,319,8185
1860,North Carolina,Bladen,6233,435,5327
1860,North Carolina,Brunswick,4515,260,3631
1860,North Carolina,Buncombe,10610,111,1933
1860,North Carolina,Burke,6645,221,2371
1860,North Carolina,Cabarrus,7391,115,3040
1860,North Carolina,Caldwell,6295,114,1088
1860,North Carolina,Camden,2942,274,2127
1860,North Carolina,Carteret,6064,153,1969
1860,North Carolina,Caswell,6578,282,9355
1860,North Carolina,Catawba,9033,32,1664
1860,North Carolina,Chatham,12549,306,6246
1860,North Carolina,Cherokee,8583,38,519
1860,North Carolina,Chowan,2979,150,3713
1860,North Carolina,Cleveland,10108,109,2131
1860,North Carolina,Columbus,5779,355,2463
1860,North Carolina,Craven,8747,1332,6189
1860,North Carolina,Cumberland,9554,985,5830
1860,North Carolina,Currituck,4669,223,2523
1860,North Carolina,Davidson,13376,149,3076
1860,North Carolina,Davie,6001,101,2392
1860,North Carolina,Duplin,8289,371,7124
1860,North Carolina,Edgecombe,6879,389,10108
1860,North Carolina,Forsyth,10710,218,1764
1860,North Carolina,Franklin,6465,566,7076
1860,North Carolina,Gaston,6997,111,2199
1860,North Carolina,Gates,4181,361,3901
1860,North Carolina,Granville,11187,1123,11086
1860,North Carolina,Greene,3824,154,3947
1860,North Carolina,Guilford,15738,693,3625
1860,North Carolina,Halifax,6641,2452,10349
1860,North Carolina,Harnett,5352,103,2584
1860,North Carolina,Haywood,5474,14,313
1860,North Carolina,Henderson,8981,85,1382
1860,North Carolina,Hertford,3947,1112,4445
1860,North Carolina,Hyde,4682,257,2791
1860,North Carolina,Iredell,11141,29,4177
1860,North Carolina,Jackson,4179,6,268
1860,North Carolina,Johnston,10545,195,4916
1860,North Carolina,Jones,2204,113,3413
1860,North Carolina,Lenoir,4902,178,5140
1860,North Carolina,Lincoln,5999,81,2115
1860,North Carolina,McDowell,5542,273,1305
1860,North Carolina,Macon,5315,115,519
1860,North Carolina,Madison,5678,17,213
1860,North Carolina,Martin,5435,451,4309
1860,North Carolina,Mecklenburg,10534,293,6541
1860,North Carolina,Montgomery,5780,46,1823
1860,North Carolina,Moore,8725,184,2518
1860,North Carolina,Nash,6320,687,4680
1860,North Carolina,New Hanover,10615,767,10331
1860,North Carolina,Northampton,5909,659,6804
1860,North Carolina,Onslow,5195,162,3499
1860,North Carolina,Orange,11311,528,5108
1860,North Carolina,Pasquotank,4450,1507,2983
1860,North Carolina,Perquimans,3285,395,3558
1860,North Carolina,Person,5708,318,5195
1860,North Carolina,Pitt,7480,127,8473
1860,North Carolina,Polk,3312,106,620
1860,North Carolina,Randolph,14716,432,1645
1860,North Carolina,Richmond,5211,345,5453
1860,North Carolina,Robeson,8572,1462,5455
1860,North Carolina,Rockingham,10019,409,6318
1860,North Carolina,Rowan,10523,136,3930
1860,North Carolina,Rutherford,9059,123,2391
1860,North Carolina,Sampson,9108,488,7028
1860,North Carolina,Stanly,6587,45,1169
1860,North Carolina,Stokes,7847,86,2469
1860,North Carolina,Surry,8950,184,1246
1860,North Carolina,Tyrrell,3204,143,1597
1860,North Carolina,Union,8903,53,2246
1860,North Carolina,Wake,16448,1446,10733
1860,North Carolina,Warren,4923,402,10401
1860,North Carolina,Washington,3593,299,2465
1860,North Carolina,Watauga,4772,81,104
1860,North Carolina,Wayne,8717,737,5451
1860,North Carolina,Wilkes,13280,261,1208
1860,North Carolina,Wilson,5943,281,3496
1860,North Carolina,Yadkin,9106,172,1436
1860,North Carolina,Yancey,8226,67,362
1860,Ohio,Adams,20204,105,0
1860,Ohio,Allen,19115,70,0
1860,Ohio,Ashland,22935,16,0
1860,Ohio,Ashtabula,31789,25,0
1860,Ohio,Athens,20976,386,0
1860,Ohio,Auglaize,17123,64,0
1860,Ohio,Belmont,35401,997,0
1860,Ohio,Brown,28842,1116,0
1860,Ohio,Butler,35111,729,0
1860,Ohio,Carroll,15697,41,0
1860,Ohio,Champaign,21910,788,0
1860,Ohio,Clark,24808,492,0
1860,Ohio,Clermont,32201,833,0
1860,Ohio,Clinton,20638,823,0
1860,Ohio,Columbiana,32556,280,0
1860,Ohio,Coshocton,25008,24,0
1860,Ohio,Crawford,23841,40,0
1860,Ohio,Cuyahoga,77139,894,0
1860,Ohio,Darke,25528,481,0
1860,Ohio,Defiance,11808,78,0
1860,Ohio,Delaware,23771,131,0
1860,Ohio,Erie,24325,149,0
1860,Ohio,Fairfield,30281,257,0
1860,Ohio,Fayette,15246,689,0
1860,Ohio,Franklin,48783,1578,0
1860,Ohio,Fulton,14034,1,0
1860,Ohio,Gallia,20453,1590,0
1860,Ohio,Geauga,15810,7,0
1860,Ohio,Greene,24722,1475,0
1860,Ohio,Guernsey,24197,277,0
1860,Ohio,Hamilton,211802,4608,0
1860,Ohio,Hancock,22836,50,0
1860,Ohio,Hardin,13460,110,0
1860,Ohio,Harrison,18953,157,0
1860,Ohio,Henry,8900,1,0
1860,Ohio,Highland,26815,958,0
1860,Ohio,Hocking,16838,219,0
1860,Ohio,Holmes,20584,5,0
1860,Ohio,Huron,29537,79,0
1860,Ohio,Jackson,17245,696,0
1860,Ohio,Jefferson,25408,707,0
1860,Ohio,Knox,27676,59,0
1860,Ohio,Lake,15540,36,0
1860,Ohio,Lawrence,22564,685,0
1860,Ohio,Licking,36868,143,0
1860,Ohio,Logan,20341,655,0
1860,Ohio,Lorain,29195,549,0
1860,Ohio,Lucas,25553,278,0
1860,Ohio,Madison,12739,276,0
1860,Ohio,Mahoning,25832,61,0
1860,Ohio,Marion,15444,46,0
1860,Ohio,Medina,22479,38,0
1860,Ohio,Meigs,26243,291,0
1860,Ohio,Mercer,13498,606,0
1860,Ohio,Miami,29157,800,0
1860,Ohio,Monroe,25657,84,0
1860,Ohio,Montgomery,51834,395,0
1860,Ohio,Morgan,21976,143,0
1860,Ohio,Morrow,20356,89,0
1860,Ohio,Muskingum,43326,1090,0
1860,Ohio,Noble,20729,22,0
1860,Ohio,Ottawa,7016,0,0
1860,Ohio,Paulding,4811,134,0
1860,Ohio,Perry,19629,49,0
1860,Ohio,Pickaway,22530,939,0
1860,Ohio,Pike,12801,842,0
1860,Ohio,Portage,24132,76,0
1860,Ohio,Preble,21696,124,0
1860,Ohio,Putnam,12802,6,0
1860,Ohio,Richland,31140,18,0
1860,Ohio,Ross,32290,2781,0
1860,Ohio,Sandusky,21374,55,0
1860,Ohio,Scioto,23974,323,0
1860,Ohio,Seneca,30744,123,0
1860,Ohio,Shelby,16913,580,0
1860,Ohio,Stark,42806,172,0
1860,Ohio,Summit,27251,88,0
1860,Ohio,Trumbull,30576,80,0
1860,Ohio,Tuscarawas,32393,70,0
1860,Ohio,Union,16284,223,0
1860,Ohio,Van Wert,10170,68,0
1860,Ohio,Vinton,13478,153,0
1860,Ohio,Warren,26219,676,0
1860,Ohio,Washington,35620,648,0
1860,Ohio,Wayne,32456,27,0
1860,Ohio,Williams,16632,1,0
1860,Ohio,Wood,17883,3,0
1860,Ohio,Wyandot,15551,42,0
1860,Oregon,Benton,3059,10,0
1860,Oregon,Clackamas,3464,1,0
1860,Oregon,Clatsop,496,2,0
1860,Oregon,Columbia,532,0,0
1860,Oregon,Coos,421,0,0
1860,Oregon,Curry,376,0,0
1860,Oregon,Douglas,3167,9,0
1860,Oregon,Jackson,3689,42,0
1860,Oregon,Josephine,1609,4,0
1860,Oregon,Lane,4779,1,0
1860,Oregon,Linn,6763,7,0
1860,Oregon,Marion,7022,20,0
1860,Oregon,Multnomah,4126,17,0
1860,Oregon,Polk,3623,2,0
1860,Oregon,Tillamook,95,0,0
1860,Oregon,Umpqua,1242,3,0
1860,Oregon,Wasco,1673,9,0
1860,Oregon,Washington,2780,0,0
1860,Oregon,Yamhill,3244,1,0
1860,Pennsylvania,Adams,27532,474,0
1860,Pennsylvania,Allegheny,176102,2725,0
1860,Pennsylvania,Armstrong,35619,178,0
1860,Pennsylvania,Beaver,28866,274,0
1860,Pennsylvania,Bedford,26242,494,0
1860,Pennsylvania,Berks,93321,497,0
1860,Pennsylvania,Blair,27546,283,0
1860,Pennsylvania,Bradford,48531,203,0
1860,Pennsylvania,Bucks,61959,1618,0
1860,Pennsylvania,Butler,35538,56,0
1860,Pennsylvania,Cambria,29040,115,0
1860,Pennsylvania,Carbon,21024,9,0
1860,Pennsylvania,Centre,26739,261,0
1860,Pennsylvania,Chester,68671,5907,0
1860,Pennsylvania,Clarion,24925,63,0
1860,Pennsylvania,Clearfield,18678,81,0
1860,Pennsylvania,Clinton,17586,137,0
1860,Pennsylvania,Columbia,24962,103,0
1860,Pennsylvania,Crawford,48573,182,0
1860,Pennsylvania,Cumberland,38758,1340,0
1860,Pennsylvania,Dauphin,45047,1709,0
1860,Pennsylvania,Delaware,28948,1649,0
1860,Pennsylvania,Elk,5904,11,0
1860,Pennsylvania,Erie,49251,181,0
1860,Pennsylvania,Fayette,38360,1549,0
1860,Pennsylvania,Forest,898,0,0
1860,Pennsylvania,Franklin,40327,1799,0
1860,Pennsylvania,Fulton,9030,101,0
1860,Pennsylvania,Greene,23816,526,0
1860,Pennsylvania,Huntingdon,27810,290,0
1860,Pennsylvania,Indiana,33501,186,0
1860,Pennsylvania,Jefferson,18189,81,0
1860,Pennsylvania,Juniata,16725,261,0
1860,Pennsylvania,Lancaster,112854,3459,0
1860,Pennsylvania,Lawrence,22897,102,0
1860,Pennsylvania,Lebanon,31748,83,0
1860,Pennsylvania,Lehigh,43696,57,0
1860,Pennsylvania,Luzerne,89794,450,0
1860,Pennsylvania,Lycoming,37000,399,0
1860,Pennsylvania,McKean,8859,0,0
1860,Pennsylvania,Mercer,36575,281,0
1860,Pennsylvania,Mifflin,15925,415,0
1860,Pennsylvania,Monroe,16631,127,0
1860,Pennsylvania,Montgomery,69596,904,0
1860,Pennsylvania,Montour,12939,114,0
1860,Pennsylvania,Northampton,47763,141,0
1860,Pennsylvania,Northumberland,28807,115,0
1860,Pennsylvania,Perry,22674,119,0
1860,Pennsylvania,Philadelphia,543344,22185,0
1860,Pennsylvania,Pike,7018,137,0
1860,Pennsylvania,Potter,11455,15,0
1860,Pennsylvania,Schuylkill,89153,357,0
1860,Pennsylvania,Snyder,15000,35,0
1860,Pennsylvania,Somerset,26731,47,0
1860,Pennsylvania,Sullivan,5628,9,0
1860,Pennsylvania,Susquehanna,36058,209,0
1860,Pennsylvania,Tioga,30942,102,0
1860,Pennsylvania,Union,14090,55,0
1860,Pennsylvania,Venango,24974,69,0
1860,Pennsylvania,Warren,19139,51,0
1860,Pennsylvania,Washington,45079,1726,0
1860,Pennsylvania,Wayne,32199,40,0
1860,Pennsylvania,Westmoreland,53304,432,0
1860,Pennsylvania,Wyoming,12535,5,0
1860,Pennsylvania,York,66834,1366,0
1860,Rhode Island,Bristol,8599,308,0
1860,Rhode Island,Kent,17038,259,0
1860,Rhode Island,Newport,21074,822,0
1860,Rhode Island,Providence,105821,1977,0
1860,Rhode Island,Washington,18117,586,0
1860,South Carolina,Abbeville,11516,367,20502
1860,South Carolina,Anderson,14286,162,8425
1860,South Carolina,Barnwell,12702,640,17401
1860,South Carolina,Beaufort,6714,809,32530
1860,South Carolina,Charleston,29136,3622,37290
1860,South Carolina,Chester,7096,156,10868
1860,South Carolina,Chesterfield,7354,132,4348
1860,South Carolina,Clarendon,4378,151,8566
1860,South Carolina,Colleton,9255,354,32307
1860,South Carolina,Darlington,8421,52,11877
1860,South Carolina,Edgefield,15653,173,24060
1860,South Carolina,Fairfield,6373,204,15534
1860,South Carolina,Georgetown,3013,183,18109
1860,South Carolina,Greenville,14631,212,7049
1860,South Carolina,Horry,5564,39,2359
1860,South Carolina,Kershaw,5026,197,7841
1860,South Carolina,Lancaster,6054,93,5650
1860,South Carolina,Laurens,10529,129,13200
1860,South Carolina,Lexington,9333,44,6202
1860,South Carolina,Marion,11007,232,9951
1860,South Carolina,Marlboro,5373,168,6893
1860,South Carolina,Newberry,7000,184,13695
1860,South Carolina,Orangeburg,8108,205,16583
1860,South Carolina,Pickens,15335,109,4195
1860,South Carolina,Richland,6863,439,11005
1860,South Carolina,Spartanburg,18537,142,8240
1860,South Carolina,Sumter,6857,320,16682
1860,South Carolina,Union,8670,164,10801
1860,South Carolina,Williamsburg,5187,43,10259
1860,South Carolina,York,11329,189,9984
1860,Tennessee,Anderson,6477,8,583
1860,Tennessee,Bedford,14788,52,6744
1860,Tennessee,Benton,7918,11,534
1860,Tennessee,Bledsoe,3643,127,689
1860,Tennessee,Blount,11711,196,1363
1860,Tennessee,Bradley,10470,58,1173
1860,Tennessee,Campbell,6281,65,366
1860,Tennessee,Cannon,8530,5,974
1860,Tennessee,Carroll,13339,34,4064
1860,Tennessee,Carter,6727,22,374
1860,Tennessee,Cheatham,5376,0,1882
1860,Tennessee,Claiborne,8724,176,743
1860,Tennessee,Cocke,9482,77,849
1860,Tennessee,Coffee,8150,10,1529
1860,Tennessee,Cumberland,3321,18,121
1860,Tennessee,Davidson,31056,1209,14790
1860,Tennessee,Decatur,5477,15,784
1860,Tennessee,DeKalb,9533,15,1025
1860,Tennessee,Dickson,7774,7,2201
1860,Tennessee,Dyer,7889,6,2641
1860,Tennessee,Fayette,8826,28,15473
1860,Tennessee,Fentress,4865,2,187
1860,Tennessee,Franklin,10249,48,3551
1860,Tennessee,Gibson,15545,91,6141
1860,Tennessee,Giles,15295,23,10848
1860,Tennessee,Grainger,9727,170,1065
1860,Tennessee,Greene,17485,222,1297
1860,Tennessee,Grundy,2813,14,266
1860,Tennessee,Hamilton,11641,192,1419
1860,Tennessee,Hancock,6706,68,246
1860,Tennessee,Hardeman,10505,28,7236
1860,Tennessee,Hardin,9554,37,1623
1860,Tennessee,Hawkins,14032,194,1925
1860,Tennessee,Haywood,8165,41,11026
1860,Tennessee,Henderson,11189,19,3283
1860,Tennessee,Henry,13592,11,5530
1860,Tennessee,Hickman,7532,27,1753
1860,Tennessee,Humphreys,7619,14,1463
1860,Tennessee,Jackson,10467,46,1212
1860,Tennessee,Jefferson,13777,170,2096
1860,Tennessee,Johnson,4757,28,233
1860,Tennessee,Knox,20020,423,2370
1860,Tennessee,Lauderdale,4684,21,2854
1860,Tennessee,Lawrence,8136,24,1160
1860,Tennessee,Lewis,1992,2,247
1860,Tennessee,Lincoln,15926,55,6847
1860,Tennessee,McMinn,11547,96,1909
1860,Tennessee,McNairy,12810,22,1900
1860,Tennessee,Macon,6244,117,929
1860,Tennessee,Madison,11440,83,10012
1860,Tennessee,Marion,5487,25,678
1860,Tennessee,Marshall,10064,48,4480
1860,Tennessee,Maury,17701,143,14654
1860,Tennessee,Meigs,4021,7,638
1860,Tennessee,Monroe,10899,108,1600
1860,Tennessee,Montgomery,11235,106,9554
1860,Tennessee,Morgan,3192,41,120
1860,Tennessee,Obion,10380,38,2399
1860,Tennessee,Overton,11452,98,1087
1860,Tennessee,Perry,5486,8,548
1860,Tennessee,Polk,8228,31,434
1860,Tennessee,Putnam,7840,36,682
1860,Tennessee,Rhea,4346,30,615
1860,Tennessee,Roane,11730,105,1748
1860,Tennessee,Robertson,10375,29,4861
1860,Tennessee,Rutherford,14743,190,12984
1860,Tennessee,Scott,3446,14,59
1860,Tennessee,Sequatchie,1918,1,201
1860,Tennessee,Sevier,8520,64,538
1860,Tennessee,Shelby,30861,276,16953
1860,Tennessee,Smith,12015,114,4228
1860,Tennessee,Stewart,7404,76,2415
1860,Tennessee,Sullivan,12309,169,1074
1860,Tennessee,Sumner,14227,103,7700
1860,Tennessee,Tipton,5408,9,5288
1860,Tennessee,Union,5853,82,182
1860,Tennessee,Van Buren,2334,8,239
1860,Tennessee,Warren,8760,66,2320
1860,Tennessee,Washington,13580,297,952
1860,Tennessee,Wayne,7841,5,1269
1860,Tennessee,Weakley,13985,18,4213
1860,Tennessee,White,8074,162,1145
1860,Tennessee,Williamson,11415,45,12367
1860,Tennessee,Wilson,17787,321,7964
1860,Texas,Anderson,6730,0,3668
1860,Texas,Angelina,3575,10,686
1860,Texas,Atascosa,1471,0,107
1860,Texas,Austin,6225,0,3914
1860,Texas,Bandera,387,0,12
1860,Texas,Bastrop,4415,0,2591
1860,Texas,Baylor,,,
1860,Texas,Bee,802,0,79
1860,Texas,Bell,3794,0,1005
1860,Texas,Bexar,13057,2,1395
1860,Texas,Blanco,1183,0,98
1860,Texas,Bosque,1712,0,293
1860,Texas,Bowie,2401,0,2651
1860,Texas,Brazoria,2027,6,5110
1860,Texas,Brazos,1713,0,1063
1860,Texas,Brown,244,0,0
1860,Texas,Buchanan,198,0,32
1860,Texas,Burleson,3679,0,2003
1860,Texas,Burnet,2252,0,235
1860,Texas,Caldwell,2870,1,1610
1860,Texas,Calhoun,2228,0,414
1860,Texas,Callahan,,,
1860,Texas,Cameron,5953,66,7
1860,Texas,Cass (old),4936,0,3475
1860,Texas,Chambers,995,0,513
1860,Texas,Cherokee,8849,3,3246
1860,Texas,Clay,107,2,0
1860,Texas,Coleman,,,
1860,Texas,Collin,8217,0,1047
1860,Texas,Colorado,4326,0,3559
1860,Texas,Comal,3837,0,193
1860,Texas,Comanche,648,0,61
1860,Texas,Concho,,,
1860,Texas,Cooke,3391,0,369
1860,Texas,Coryell,2360,0,306
1860,Texas,Dallas,7591,0,1074
1860,Texas,Dawson,281,0,0
1860,Texas,Denton,4780,0,251
1860,Texas,DeWitt,3465,0,1643
1860,Texas,Dimmit,,,
1860,Texas,Duval,,,
1860,Texas,Eastland,99,0,0
1860,Texas,Edwards,,,
1860,Texas,Ellis,4136,0,1104
1860,Texas,El Paso,3826,14,15
1860,Texas,Encinal,43,0,0
1860,Texas,Erath,2307,0,118
1860,Texas,Falls,1895,2,1716
1860,Texas,Fannin,7496,0,1721
1860,Texas,Fayette,7808,10,3786
1860,Texas,Fort Bend,2007,9,4127
1860,Texas,Freestone,3268,0,3613
1860,Texas,Frio,40,0,2
1860,Texas,Galveston,6707,2,1520
1860,Texas,Gillespie,2703,0,33
1860,Texas,Goliad,2541,0,843
1860,Texas,Gonzales,4891,0,3168
1860,Texas,Grayson,6892,0,1292
1860,Texas,Grimes,4832,1,5468
1860,Texas,Guadalupe,3689,7,1748
1860,Texas,Hamilton,463,0,26
1860,Texas,Hardeman,,,
1860,Texas,Hardin,1162,0,191
1860,Texas,Harris,7008,9,2053
1860,Texas,Harrison,6217,0,8784
1860,Texas,Haskell,,,
1860,Texas,Hays,1329,0,797
1860,Texas,Henderson,3478,1,1116
1860,Texas,Hidalgo,1155,34,1
1860,Texas,Hill,3003,0,650
1860,Texas,Hopkins,6749,0,990
1860,Texas,Houston,5239,0,2819
1860,Texas,Hunt,6053,0,577
1860,Texas,Jack,950,0,50
1860,Texas,Jackson,1396,22,1194
1860,Texas,Jasper,2426,0,1611
1860,Texas,Jefferson,1684,2,309
1860,Texas,Johnson,3792,0,513
1860,Texas,Jones,,,
1860,Texas,Karnes,1844,0,327
1860,Texas,Kaufman,3403,0,533
1860,Texas,Kerr,585,0,49
1860,Texas,Kimble,,,
1860,Texas,Kinney,46,15,0
1860,Texas,Knox,,,
1860,Texas,Lamar,7294,9,2833
1860,Texas,Lampasas,874,1,153
1860,Texas,La Salle,,,
1860,Texas,Lavaca,4238,0,1707
1860,Texas,Leon,4161,0,2620
1860,Texas,Liberty,2102,8,1079
1860,Texas,Limestone,3464,1,1072
1860,Texas,Live Oak,508,0,85
1860,Texas,Llano,1047,0,54
1860,Texas,McCulloch,,,
1860,Texas,McLennan,3799,9,2395
1860,Texas,McMullen,,,
1860,Texas,Madison,1563,0,675
1860,Texas,Marion,1960,0,2017
1860,Texas,Mason,606,6,18
1860,Texas,Matagorda,1347,0,2107
1860,Texas,Maverick,704,21,1
1860,Texas,Medina,1732,0,106
1860,Texas,Menora,,,
1860,Texas,Milam,3632,1,1542
1860,Texas,Montague,814,0,35
1860,Texas,Montgomery,2668,0,2811
1860,Texas,Nacogdoches,5930,3,2359
1860,Texas,Navarro,4105,1,1890
1860,Texas,Newton,2106,0,1013
1860,Texas,Nueces,2689,1,216
1860,Texas,Orange,1495,29,392
1860,Texas,Palo Pinto,1394,0,130
1860,Texas,Panola,5417,0,3058
1860,Texas,Parker,3991,0,222
1860,Texas,Polk,4098,4,4198
1860,Texas,Presidio,574,2,4
1860,Texas,Red River,5491,5,3039
1860,Texas,Refugio,1212,6,234
1860,Texas,Robertson,2739,0,2258
1860,Texas,Runnels,,,
1860,Texas,Rusk,9670,1,6132
1860,Texas,Sabine,1600,0,1150
1860,Texas,San Augustine,2377,0,1717
1860,Texas,San Patricio,525,0,95
1860,Texas,San Saba,824,0,89
1860,Texas,Shackelford,35,0,9
1860,Texas,Shelby,3885,1,1476
1860,Texas,Smith,8408,2,4982
1860,Texas,Starr,2396,4,6
1860,Texas,Tarrant,5170,0,850
1860,Texas,Taylor,,,
1860,Texas,Throckmorton,124,0,0
1860,Texas,Titus,7209,1,2438
1860,Texas,Travis,4931,13,3136
1860,Texas,Trinity,3432,1,959
1860,Texas,Tyler,3377,0,1148
1860,Texas,Upshur,6851,0,3794
1860,Texas,Uvalde,479,0,27
1860,Texas,Van Zandt,3453,2,322
1860,Texas,Victoria,2757,1,1413
1860,Texas,Walker,4056,0,4135
1860,Texas,Washington,7268,3,7941
1860,Texas,Webb,1397,0,0
1860,Texas,Wharton,646,0,2734
1860,Texas,Williamson,3638,0,891
1860,Texas,Wise,3031,1,128
1860,Texas,Wood,3963,0,1005
1860,Texas,Young,500,0,92
1860,Texas,Zapata,1248,0,0
1860,Texas,Zavala,26,0,0
1860,Utah Territory,Beaver,785,0,0
1860,Utah Territory,Box Elder,1608,0,0
1860,Utah Territory,Cache,2601,0,0
1860,Utah Territory,Carson,6667,45,0
1860,Utah Territory,Cedar,741,0,0
1860,Utah Territory,Davis,2886,0,10
1860,Utah Territory,Deseret,,,
1860,Utah Territory,Greasewood,,,
1860,Utah Territory,Green River,133,0,0
1860,Utah Territory,Humboldt,40,0,0
1860,Utah Territory,Iron,1010,0,0
1860,Utah Territory,Juab,672,0,0
1860,Utah Territory,Millard,715,0,0
1860,Utah Territory,Salt Lake,11200,26,19
1860,Utah Territory,Sanpete,3806,0,0
1860,Utah Territory,Shambip,162,0,0
1860,Utah Territory,Summit,198,0,0
1860,Utah Territory,St Marys,105,0,0
1860,Utah Territory,Tooele,1000,0,0
1860,Utah Territory,Unincorporated Territory,,,
1860,Utah Territory,Utah,8243,4,0
1860,Utah Territory,Walade,,,
1860,Utah Territory,Washington,691,0,0
1860,Utah Territory,Weber,3674,0,0
1860,Vermont,Addison,23921,89,0
1860,Vermont,Bennington,19345,91,0
1860,Vermont,Caledonia,21684,24,0
1860,Vermont,Chittenden,28052,99,0
1860,Vermont,Essex,5786,0,0
1860,Vermont,Franklin,27193,38,0
1860,Vermont,Grand Isle,4271,5,0
1860,Vermont,Lamoille,12310,1,0
1860,Vermont,Orange,25431,24,0
1860,Vermont,Orleans,18961,20,0
1860,Vermont,Rutland,35806,140,0
1860,Vermont,Washington,27595,17,0
1860,Vermont,Windham,26949,33,0
1860,Vermont,Windsor,37065,128,0
1860,Virginia,Accomack,10661,3418,4507
1860,Virginia,Albemarle,12103,606,13916
1860,Virginia,Alexandria,9851,1415,1386
1860,Virginia,Alleghany,5643,132,990
1860,Virginia,Amelia,2897,189,7655
1860,Virginia,Amherst,7167,297,6278
1860,Virginia,Appomattox,4118,171,4600
1860,Virginia,Augusta,21547,586,5616
1860,Virginia,Barbour,8728,135,95
1860,Virginia,Bath,2652,78,946
1860,Virginia,Bedford,14388,504,10176
1860,Virginia,Berkeley,10589,286,1650
1860,Virginia,Boone,4681,1,158
1860,Virginia,Botetourt,8441,306,2769
1860,Virginia,Braxton,4885,3,104
1860,Virginia,Brooke,5425,51,18
1860,Virginia,Brunswick,4992,671,9146
1860,Virginia,Buchanan,2762,1,30
1860,Virginia,Buckingham,6041,360,8811
1860,Virginia,Cabell,7691,24,305
1860,Virginia,Calhoun,2492,1,9
1860,Virginia,Campbell,13588,1029,11580
1860,Virginia,Caroline,6948,844,10672
1860,Virginia,Carroll,7719,31,262
1860,Virginia,Charles City,1806,856,2947
1860,Virginia,Charlotte,4981,252,9238
1860,Virginia,Chesterfield,10019,643,8354
1860,Virginia,Clarke,3707,64,3375
1860,Virginia,Clay,1761,5,21
1860,Virginia,Craig,3103,30,420
1860,Virginia,Culpeper,4959,429,6675
1860,Virginia,Cumberland,2946,310,6705
1860,Virginia,Dinwiddie,13678,3746,12774
1860,Virginia,Doddridge,5168,1,34
1860,Virginia,Elizabeth City,3180,201,2417
1860,Virginia,Essex,3296,477,6696
1860,Virginia,Fairfax,8046,672,3116
1860,Virginia,Fauquier,10430,821,10455
1860,Virginia,Fayette,5716,10,271
1860,Virginia,Floyd,7745,16,475
1860,Virginia,Fluvanna,5093,266,4994
1860,Virginia,Franklin,13642,105,6351
1860,Virginia,Frederick,13079,1208,2259
1860,Virginia,Giles,6038,67,778
1860,Virginia,Gilmer,3685,22,52
1860,Virginia,Gloucester,4517,703,5736
1860,Virginia,Goochland,3814,703,6139
1860,Virginia,Grayson,7653,52,547
1860,Virginia,Greenbrier,10500,186,1525
1860,Virginia,Greene,3015,23,1984
1860,Virginia,Greensville,1974,233,4167
1860,Virginia,Halifax,11060,563,14897
1860,Virginia,Hampshire,12478,222,1213
1860,Virginia,Hancock,4442,1,2
1860,Virginia,Hanover,7482,257,9483
1860,Virginia,Hardy,8521,270,1073
1860,Virginia,Harrison,13176,32,582
1860,Virginia,Henrico,37966,3590,20041
1860,Virginia,Henry,6773,314,5018
1860,Virginia,Highland,3890,27,402
1860,Virginia,Isle Of Wight,5037,1370,3570
1860,Virginia,Jackson,8240,11,55
1860,Virginia,James City,2167,1045,2586
1860,Virginia,Jefferson,10064,511,3960
1860,Virginia,Kanawha,13785,181,2184
1860,Virginia,King And Queen,3801,388,6139
1860,Virginia,King George,2510,388,3673
1860,Virginia,King William,2589,416,5525
1860,Virginia,Lancaster,1981,301,2869
1860,Virginia,Lee,10185,13,824
1860,Virginia,Lewis,7736,33,230
1860,Virginia,Logan,4789,1,148
1860,Virginia,Loudoun,15021,1252,5501
1860,Virginia,Louisa,6183,324,10194
1860,Virginia,Lunenburg,4421,257,7305
1860,Virginia,Madison,4360,97,4397
1860,Virginia,Marion,12656,3,63
1860,Virginia,Marshall,12911,57,29
1860,Virginia,Mason,8750,47,376
1860,Virginia,Mathews,3865,218,3008
1860,Virginia,McDowell,1535,0,0
1860,Virginia,Mecklenburg,6778,898,12420
1860,Virginia,Mercer,6428,29,362
1860,Virginia,Middlesex,1863,126,2375
1860,Virginia,Monongalia,12901,46,101
1860,Virginia,Monroe,9536,107,1114
1860,Virginia,Montgomery,8251,147,2219
1860,Virginia,Morgan,3614,24,94
1860,Virginia,Nansemond,5732,2480,5481
1860,Virginia,Nelson,6649,128,6238
1860,Virginia,New Kent,2145,364,3374
1860,Virginia,Nicholas,4471,2,154
1860,Virginia,Norfolk,24357,2803,9004
1860,Virginia,Northampton,2998,962,3872
1860,Virginia,Northumberland,3870,222,3439
1860,Virginia,Nottoway,2270,98,6468
1860,Virginia,Ohio,22196,126,100
1860,Virginia,Orange,4553,187,6111
1860,Virginia,Page,6875,384,850
1860,Virginia,Patrick,7158,131,2070
1860,Virginia,Pendleton,5870,50,244
1860,Virginia,Pittsylvania,17105,659,14340
1860,Virginia,Pleasants,2925,5,15
1860,Virginia,Pocahontas,3686,20,252
1860,Virginia,Powhatan,2580,409,5403
1860,Virginia,Preston,13182,45,67
1860,Virginia,Prince Edward,4037,466,7341
1860,Virginia,Prince George,2899,515,4997
1860,Virginia,Princess Anne,4333,195,3186
1860,Virginia,Prince William,5690,519,2356
1860,Virginia,Pulaski,3814,13,1589
1860,Virginia,Putnam,5708,13,580
1860,Virginia,Raleigh,3291,19,57
1860,Virginia,Randolph,4793,14,183
1860,Virginia,Rappahannock,5018,312,3520
1860,Virginia,Richmond,3570,820,2466
1860,Virginia,Ritchie,6809,0,38
1860,Virginia,Roane,5307,2,72
1860,Virginia,Roanoke,5250,155,2643
1860,Virginia,Rockbridge,12841,422,3985
1860,Virginia,Rockingham,20489,532,2387
1860,Virginia,Russell,9130,51,1099
1860,Virginia,Scott,11530,52,490
1860,Virginia,Shenandoah,12827,316,753
1860,Virginia,Smyth,7732,183,1037
1860,Virginia,Southampton,5713,1794,5408
1860,Virginia,Spotsylvania,7716,574,7786
1860,Virginia,Stafford,4922,319,3314
1860,Virginia,Surry,2334,1284,2515
1860,Virginia,Sussex,3118,673,6384
1860,Virginia,Taylor,7300,51,112
1860,Virginia,Tazewell,8625,93,1202
1860,Virginia,Tucker,1392,16,20
1860,Virginia,Tyler,6488,11,18
1860,Virginia,Upshur,7064,16,212
1860,Virginia,Warren,4583,284,1575
1860,Virginia,Warwick,662,59,1019
1860,Virginia,Washington,14095,249,2547
1860,Virginia,Wayne,6604,0,143
1860,Virginia,Webster,1552,0,3
1860,Virginia,Westmoreland,3387,1191,3704
1860,Virginia,Wetzel,6691,2,10
1860,Virginia,Wirt,3728,0,23
1860,Virginia,Wise,4416,26,66
1860,Virginia,Wood,10791,79,176
1860,Virginia,Wyoming,2795,2,64
1860,Virginia,Wythe,9986,157,2162
1860,Virginia,York,2342,682,1925
1860,Washington Territory,Chihallis,283,0,0
1860,Washington Territory,Clallam,149,0,0
1860,Washington Territory,Clark,2367,1,0
1860,Washington Territory,Cowlitz,405,0,0
1860,Washington Territory,Island,292,0,0
1860,Washington Territory,Jefferson,523,8,0
1860,Washington Territory,King,301,1,0
1860,Washington Territory,Kitsap,540,4,0
1860,Washington Territory,Klikatat,230,0,0
1860,Washington Territory,Lewis,336,1,0
1860,Washington Territory,Pacific,406,0,0
1860,Washington Territory,Pierce,1114,0,0
1860,Washington Territory,Skamania,171,0,0
1860,Washington Territory,Sawamish,162,0,0
1860,Washington Territory,Spokane,674,2,0
1860,Washington Territory,Thurston,1495,12,0
1860,Washington Territory,Wahkiakum,41,0,0
1860,Washington Territory,Walla Walla,1297,1,0
1860,Washington Territory,Whatcom,352,0,0
1860,Wisconsin,Adams,6472,20,0
1860,Wisconsin,Ashland,515,0,0
1860,Wisconsin,Bad Ax,10968,39,0
1860,Wisconsin,Brown,11774,20,0
1860,Wisconsin,Buffalo,3864,0,0
1860,Wisconsin,Burnett,12,0,0
1860,Wisconsin,Calumet,7179,0,0
1860,Wisconsin,Chippewa,1766,0,0
1860,Wisconsin,Clark,789,0,0
1860,Wisconsin,Columbia,24421,20,0
1860,Wisconsin,Crawford,8040,28,0
1860,Wisconsin,Dallas,13,0,0
1860,Wisconsin,Dane,43850,72,0
1860,Wisconsin,Dodge,42775,19,0
1860,Wisconsin,Door,2947,1,0
1860,Wisconsin,Douglas,808,4,0
1860,Wisconsin,Dunn,2686,18,0
1860,Wisconsin,Eau Claire,3153,9,0
1860,Wisconsin,Fond du Lac,34095,59,0
1860,Wisconsin,Grant,31154,35,0
1860,Wisconsin,Green,19808,0,0
1860,Wisconsin,Green Lake,12632,31,0
1860,Wisconsin,Iowa,18944,23,0
1860,Wisconsin,Jackson,4166,4,0
1860,Wisconsin,Jefferson,30433,5,0
1860,Wisconsin,Juneau,8769,1,0
1860,Wisconsin,Kenosha,13872,28,0
1860,Wisconsin,Kewaunee,5530,0,0
1860,Wisconsin,La Crosse,12149,37,0
1860,Wisconsin,Lafayette,18108,26,0
1860,Wisconsin,La Point,352,1,0
1860,Wisconsin,Manitowoc,22412,4,0
1860,Wisconsin,Marathon,2853,0,0
1860,Wisconsin,Marquette,8233,0,0
1860,Wisconsin,Milwaukee,62411,107,0
1860,Wisconsin,Monroe,8407,3,0
1860,Wisconsin,Oconto,3537,27,0
1860,Wisconsin,Outagamie,9547,10,0
1860,Wisconsin,Ozaukee,15682,0,0
1860,Wisconsin,Pepin,2392,0,0
1860,Wisconsin,Pierce,4639,33,0
1860,Wisconsin,Polk,1389,0,0
1860,Wisconsin,Portage,7496,7,0
1860,Wisconsin,Racine,21225,135,0
1860,Wisconsin,Richland,9723,9,0
1860,Wisconsin,Rock,36596,93,0
1860,Wisconsin,St Croix,5388,2,0
1860,Wisconsin,Sauk,18916,36,0
1860,Wisconsin,Shawano,779,47,0
1860,Wisconsin,Sheboygan,26870,5,0
1860,Wisconsin,Trempealeau,2559,1,0
1860,Wisconsin,Walworth,26436,60,0
1860,Wisconsin,Washington,23622,0,0
1860,Wisconsin,Waukesha,26797,34,0
1860,Wisconsin,Waupaca,8850,1,0
1860,Wisconsin,Waushara,8766,4,0
1860,Wisconsin,Winnebago,23700,52,0
1860,Wisconsin,Wood,2424,1,0
